COMPANYID,PESEQUENCENO,CASENO,PROJECTNO,PARENTBLOCKNO,CHILDBLOCKNO,CHILDBLOCKTYPE,PEORDER,PELAG,PEDATE,EQUIPMENTCODE,EQUIPMENTDATE,EQUIPMENTTIME,NUMOFEQUIPMENT,ACTUALPEDATE,CREATEDATE,CREATEUSER,UPDATEDATE,UPDATEUSER
D,95909714,2020-36-04,5466,10A,101,B,1,0,2019-11-09,GCNO1C00,Night,60,,,2020-04-20,1007589,2020-04-23,1008003
D,95909715,2020-36-04,5466,10A,102,B,2,3,2019-11-12,GCNO1C00,Night,60,,,2020-04-20,1007589,2020-04-23,1008003
D,95909716,2020-36-04,5466,105,105,N,1,0,2020-01-21,GCNO1C00,Night,60,,,2020-04-20,1007589,2020-04-23,1008003
D,95909717,2020-36-04,5466,12E,106,B,1,0,2019-12-25,GCNO1C00,Night,60,,,2020-04-20,1007589,2020-04-23,1008003
D,95909718,2020-36-04,5466,107,107,N,1,0,2020-01-30,GCNO1C00,Night,60,,,2020-04-20,1007589,2020-04-23,1008003
D,95909719,2020-36-04,5466,10F,108,B,1,0,2020-01-15,GCNO1C00,Night,60,,,2020-04-20,1007589,2020-04-23,1008003
D,95909720,2020-36-04,5466,10F,109,B,2,3,2020-01-18,GCNO1C00,Day,90,,,2020-04-20,1007589,2020-04-23,1008003
D,95909721,2020-36-04,5466,11A,10A,S,4,7,2019-12-07,GCNO1C00,Night,60,,,2020-04-20,1007589,2020-04-23,1008003
D,95909722,2020-36-04,5466,11A,10C,S,5,20,2019-12-20,GCNO1C00,Day,180,,,2020-04-20,1007589,2020-04-23,1008003
D,95909723,2020-36-04,5466,11H,10H,S,3,7,2020-01-13,FC000360,Day,90,,,2020-04-20,1007589,2020-04-23,1008003
D,95909724,2020-36-04,5466,10A,110,B,3,4,2019-11-13,GCNO1C00,Day조60,120,,,2020-04-20,1007589,2020-04-23,1008003
D,95909725,2020-36-04,5466,11H,111,B,1,0,2020-01-06,GCNO3C00,Day,90,,,2020-04-20,1007589,2020-04-23,1008003
D,95909726,2020-36-04,5466,11H,113,B,2,0,2020-01-06,GCNO3C00,Day,90,,,2020-04-20,1007589,2020-04-23,1008003
D,95909727,2020-36-04,5466,11A,11B,S,1,0,2019-11-30,GCNO1C00,Night,60,,,2020-04-20,1007589,2020-04-23,1008003
D,95909728,2020-36-04,5466,11B,121,B,2,0,2019-10-02,GCNO1C00,Night,60,,,2020-04-20,1007589,2020-04-23,1008003
D,95909729,2020-36-04,5466,10C,122,B,1,0,2019-11-27,GCNO1C00,Night,60,,,2020-04-20,1007589,2020-04-23,1008003
D,95909730,2020-36-04,5466,12D,123,B,1,0,2019-12-28,GCNO1C00,Night,60,,,2020-04-20,1007589,2020-04-23,1008003
D,95909731,2020-36-04,5466,12E,124,B,2,2,2019-12-27,GCNO1C00,Night,60,,,2020-04-20,1007589,2020-04-23,1008003
D,95909732,2020-36-04,5466,12E,125,B,4,5,2019-12-30,GCNO1C00,Night,60,,,2020-04-20,1007589,2020-04-23,1008003
D,95909733,2020-36-04,5466,11B,131,B,1,0,2019-10-02,GCNO1C00,Night,60,,,2020-04-20,1007589,2020-04-23,1008003
D,95909734,2020-36-04,5466,10C,132,B,2,0,2019-11-27,GCNO1C00,Night,60,,,2020-04-20,1007589,2020-04-23,1008003
D,95909735,2020-36-04,5466,13D,133,B,1,0,2019-12-31,GCNO1C00,Night,60,,,2020-04-20,1007589,2020-04-23,1008003
D,95909736,2020-36-04,5466,13E,134,B,1,0,2019-12-31,GCNO1C00,Night,60,,,2020-04-20,1007589,2020-04-23,1008003
D,95909737,2020-36-04,5466,13E,135,B,3,9,2020-01-09,GCNO1C00,Night,60,,,2020-04-20,1007589,2020-04-23,1008003
D,95909738,2020-36-04,5466,10C,142,B,3,1,2019-11-28,GCNO1C00,Night,60,,,2020-04-20,1007589,2020-04-23,1008003
D,95909739,2020-36-04,5466,12D,143,B,2,0,2019-12-28,GCNO1C00,Night,60,,,2020-04-20,1007589,2020-04-23,1008003
D,95909740,2020-36-04,5466,12E,144,B,3,2,2019-12-27,GCNO1C00,Night,60,,,2020-04-20,1007589,2020-04-23,1008003
D,95909741,2020-36-04,5466,12E,145,B,5,5,2019-12-30,GCNO1C00,Night,60,,,2020-04-20,1007589,2020-04-23,1008003
D,95909742,2020-36-04,5466,10C,152,B,4,1,2019-11-28,GCNO1C00,Night,60,,,2020-04-20,1007589,2020-04-23,1008003
D,95909743,2020-36-04,5466,13D,153,B,2,6,2020-01-06,GCNO1C00,Night,60,,,2020-04-20,1007589,2020-04-23,1008003
D,95909744,2020-36-04,5466,13E,154,B,2,7,2020-01-07,GCNO1C00,Night,60,,,2020-04-20,1007589,2020-04-23,1008003
D,95909745,2020-36-04,5466,13E,155,B,4,9,2020-01-09,GCNO1C00,Night,60,,,2020-04-20,1007589,2020-04-23,1008003
D,95909746,2020-36-04,5466,11A,161,B,3,5,2019-12-05,GCNO1C00,Day,120,,,2020-04-20,1007589,2020-04-23,1008003
D,95909747,2020-36-04,5466,11A,171,B,2,5,2019-12-05,GCNO1C00,Day,120,,,2020-04-20,1007589,2020-04-23,1008003
D,95909748,2020-36-04,5466,10H,182,B,1,0,2019-12-13,FC000170,Day,90,,,2020-04-20,1007589,2020-04-23,1008003
D,95909749,2020-36-04,5466,10H,183,B,3,13,2019-12-26,FC000170,Night,60,,,2020-04-20,1007589,2020-04-23,1008003
D,95909750,2020-36-04,5466,10H,192,B,2,0,2019-12-13,FC000170,Day,90,,,2020-04-20,1007589,2020-04-23,1008003
D,95909751,2020-36-04,5466,10H,193,B,4,13,2019-12-26,FC000170,Night,60,,,2020-04-20,1007589,2020-04-23,1008003
D,95909752,2020-36-04,5466,20J,209,B,1,0,2020-01-21,GCNO4C00,Night,60,,,2020-04-20,1007589,2020-04-23,1008003
D,95909753,2020-36-04,5466,20K,211,B,1,0,2020-01-22,GCNO4C00,Night,60,,,2020-04-20,1007589,2020-04-23,1008003
D,95909754,2020-36-04,5466,20L,212,B,1,0,2020-01-29,GCNO1C00,Night,60,,,2020-04-20,1007589,2020-04-23,1008003
D,95909755,2020-36-04,5466,22A,221,B,1,0,2019-12-07,GCNO1C00,Night,60,,,2020-04-20,1007589,2020-04-23,1008003
D,95909756,2020-36-04,5466,22B,222,B,1,0,2019-12-09,GCNO1C00,Night,60,,,2020-04-20,1007589,2020-04-23,1008003
D,95909757,2020-36-04,5466,62C,223,B,1,0,2019-12-14,GCNO1C00,Night,60,,,2020-04-20,1007589,2020-04-23,1008003
D,95909758,2020-36-04,5466,62D,224,B,1,0,2019-12-23,GCNO1C00,Night,60,,,2020-04-20,1007589,2020-04-23,1008003
D,95909759,2020-36-04,5466,62E,225,B,1,0,2019-12-18,GCNO1C00,Night,60,,,2020-04-20,1007589,2020-04-23,1008003
D,95909760,2020-36-04,5466,62F,226,B,1,0,2019-12-26,GCNO1C00,Night,60,,,2020-04-20,1007589,2020-04-23,1008003
D,95909761,2020-36-04,5466,62G,227,B,1,0,2020-01-10,GCNO1C00,Night,60,,,2020-04-20,1007589,2020-04-23,1008003
D,95909762,2020-36-04,5466,62H,228,B,1,0,2020-01-16,GCNO1C00,Night,60,,,2020-04-20,1007589,2020-04-23,1008003
D,95909763,2020-36-04,5466,20J,229,B,5,3,2020-01-23,GCNO4C00,Night,60,,,2020-04-20,1007589,2020-04-23,1008003
D,95909764,2020-36-04,5466,23A,231,B,1,0,2019-12-07,GCNO1C00,Night,60,,,2020-04-20,1007589,2020-04-23,1008003
D,95909765,2020-36-04,5466,23B,232,B,1,0,2019-12-09,GCNO1C00,Night,60,,,2020-04-20,1007589,2020-04-23,1008003
D,95909766,2020-36-04,5466,63C,233,B,1,0,2019-12-14,GCNO1C00,Night,60,,,2020-04-20,1007589,2020-04-23,1008003
D,95909767,2020-36-04,5466,63D,234,B,1,0,2019-12-23,GCNO1C00,Night,60,,,2020-04-20,1007589,2020-04-23,1008003
D,95909768,2020-36-04,5466,63E,235,B,1,0,2019-12-19,GCNO1C00,Night,60,,,2020-04-20,1007589,2020-04-23,1008003
D,95909769,2020-36-04,5466,63F,236,B,1,0,2019-12-26,GCNO1C00,Night,60,,,2020-04-20,1007589,2020-04-23,1008003
D,95909770,2020-36-04,5466,63G,237,B,1,0,2020-01-10,GCNO1C00,Night,60,,,2020-04-20,1007589,2020-04-23,1008003
D,95909771,2020-36-04,5466,63H,238,B,1,0,2020-01-16,GCNO1C00,Night,60,,,2020-04-20,1007589,2020-04-23,1008003
D,95909772,2020-36-04,5466,20J,239,B,4,3,2020-01-23,GCNO4C00,Night,60,,,2020-04-20,1007589,2020-04-23,1008003
D,95909773,2020-36-04,5466,20K,241,B,5,7,2020-01-29,GCNO4C00,Night,60,,,2020-04-20,1007589,2020-04-23,1008003
D,95909774,2020-36-04,5466,20L,242,B,5,3,2020-02-01,GCNO1C00,Night,60,,,2020-04-20,1007589,2020-04-23,1008003
D,95909775,2020-36-04,5466,20M,243,B,2,0,2020-01-30,GCNO1C00,Night,60,,,2020-04-20,1007589,2020-04-23,1008003
D,95909776,2020-36-04,5466,20N,244,B,2,0,2020-01-23,GCNO1C00,Night,60,,,2020-04-20,1007589,2020-04-23,1008003
D,95909777,2020-36-04,5466,20K,251,B,4,7,2020-01-29,GCNO4C00,Night,60,,,2020-04-20,1007589,2020-04-23,1008003
D,95909778,2020-36-04,5466,20L,252,B,4,3,2020-02-01,GCNO1C00,Night,60,,,2020-04-20,1007589,2020-04-23,1008003
D,95909779,2020-36-04,5466,20M,253,B,1,0,2020-01-30,GCNO1C00,Night,60,,,2020-04-20,1007589,2020-04-23,1008003
D,95909780,2020-36-04,5466,20N,254,B,1,0,2020-01-23,GCNO1C00,Night,60,,,2020-04-20,1007589,2020-04-23,1008003
D,95909781,2020-36-04,5466,22A,261,B,2,0,2019-12-07,GCNO1C00,Day조60,120,,,2020-04-20,1007589,2020-04-23,1008003
D,95909782,2020-36-04,5466,22B,262,B,3,4,2019-12-13,GCNO1C00,Day조60,120,,,2020-04-20,1007589,2020-04-23,1008003
D,95909783,2020-36-04,5466,62C,263,B,2,0,2019-12-14,GCNO1C00,Night,60,,,2020-04-20,1007589,2020-04-23,1008003
D,95909784,2020-36-04,5466,23A,271,B,2,0,2019-12-07,GCNO1C00,Day조60,120,,,2020-04-20,1007589,2020-04-23,1008003
D,95909785,2020-36-04,5466,23B,272,B,3,4,2019-12-13,GCNO1C00,Day조60,120,,,2020-04-20,1007589,2020-04-23,1008003
D,95909786,2020-36-04,5466,63C,273,B,2,0,2019-12-14,GCNO1C00,Night,60,,,2020-04-20,1007589,2020-04-23,1008003
D,95909787,2020-36-04,5466,20M,283,B,4,2,2020-02-01,GCNO1C00,Day조60,120,,,2020-04-20,1007589,2020-04-23,1008003
D,95909788,2020-36-04,5466,20N,284,B,4,6,2020-01-29,GCNO1C00,Day조60,120,,,2020-04-20,1007589,2020-04-23,1008003
D,95909789,2020-36-04,5466,20M,293,B,3,2,2020-02-01,GCNO1C00,Day조60,120,,,2020-04-20,1007589,2020-04-23,1008003
D,95909790,2020-36-04,5466,20N,294,B,3,6,2020-01-29,GCNO1C00,Day조60,120,,,2020-04-20,1007589,2020-04-23,1008003
D,95909791,2020-36-04,5466,22A,421,B,4,9,2019-12-16,GCNO1C00,Night,60,,,2020-04-20,1007589,2020-04-23,1008003
D,95909792,2020-36-04,5466,421,421,N,1,0,2019-11-30,GCNO1C00,Night,60,,,2020-04-20,1007589,2020-04-23,1008003
D,95909793,2020-36-04,5466,62C,423,B,4,7,2019-12-21,GCNO1C00,Night,60,,,2020-04-20,1007589,2020-04-23,1008003
D,95909794,2020-36-04,5466,62D,424,B,3,2,2019-12-25,GCNO1C00,Night,60,,,2020-04-20,1007589,2020-04-23,1008003
D,95909795,2020-36-04,5466,62F,426,B,3,4,2019-12-30,GCNO1C00,Night,60,,,2020-04-20,1007589,2020-04-23,1008003
D,95909796,2020-36-04,5466,62G,427,B,3,4,2020-01-14,GCNO1C00,Night,60,,,2020-04-20,1007589,2020-04-23,1008003
D,95909797,2020-36-04,5466,62H,428,B,3,2,2020-01-18,GCNO1C00,Night,60,,,2020-04-20,1007589,2020-04-23,1008003
D,95909798,2020-36-04,5466,23A,431,B,4,9,2019-12-16,GCNO1C00,Night,60,,,2020-04-20,1007589,2020-04-23,1008003
D,95909799,2020-36-04,5466,431,431,N,1,0,2019-12-02,GCNO1C00,Night,60,,,2020-04-20,1007589,2020-04-23,1008003
D,95909800,2020-36-04,5466,63C,433,B,4,7,2019-12-21,GCNO1C00,Night,60,,,2020-04-20,1007589,2020-04-23,1008003
D,95909801,2020-36-04,5466,63D,434,B,3,2,2019-12-25,GCNO1C00,Night,60,,,2020-04-20,1007589,2020-04-23,1008003
D,95909802,2020-36-04,5466,63F,436,B,3,4,2019-12-30,GCNO1C00,Night,60,,,2020-04-20,1007589,2020-04-23,1008003
D,95909803,2020-36-04,5466,63G,437,B,3,5,2020-01-15,GCNO1C00,Night,60,,,2020-04-20,1007589,2020-04-23,1008003
D,95909804,2020-36-04,5466,63H,438,B,3,2,2020-01-18,GCNO1C00,Night,60,,,2020-04-20,1007589,2020-04-23,1008003
D,95909805,2020-36-04,5466,20K,441,B,7,9,2020-01-30,GCNO4C00,Night,60,,,2020-04-20,1007589,2020-04-23,1008003
D,95909806,2020-36-04,5466,20L,442,B,7,6,2020-02-04,GCNO1C00,Night,60,,,2020-04-20,1007589,2020-04-23,1008003
D,95909807,2020-36-04,5466,20M,443,B,7,7,2020-02-05,GCNO1C00,Night,60,,,2020-04-20,1007589,2020-04-23,1008003
D,95909808,2020-36-04,5466,20K,451,B,6,9,2020-01-30,GCNO4C00,Night,60,,,2020-04-20,1007589,2020-04-23,1008003
D,95909809,2020-36-04,5466,20L,452,B,6,6,2020-02-04,GCNO1C00,Night,60,,,2020-04-20,1007589,2020-04-23,1008003
D,95909810,2020-36-04,5466,20M,453,B,8,7,2020-02-05,GCNO1C00,Night,60,,,2020-04-20,1007589,2020-04-23,1008003
D,95909811,2020-36-04,5466,20J,50J,S,8,16,2020-02-05,GCNO4C00,Day,120,,,2020-04-20,1007589,2020-04-23,1008003
D,95909812,2020-36-04,5466,20K,50K,S,10,15,2020-02-05,GCNO4C00,Day,120,,,2020-04-20,1007589,2020-04-23,1008003
D,95909813,2020-36-04,5466,20L,50L,S,10,13,2020-02-11,GCNO1C00,Day,120,,,2020-04-20,1007589,2020-04-23,1008003
D,95909814,2020-36-04,5466,20M,50M,S,11,14,2020-02-12,GCNO1C00,Day,120,,,2020-04-20,1007589,2020-04-23,1008003
D,95909815,2020-36-04,5466,20N,50N,S,9,19,2020-02-10,GCNO1C00,Day,120,,,2020-04-20,1007589,2020-04-23,1008003
D,95909816,2020-36-04,5466,50A,521,B,1,0,2020-01-16,GCNO1C00,Night,60,,,2020-04-20,1007589,2020-04-23,1008003
D,95909817,2020-36-04,5466,50B,522,B,1,0,2020-01-20,GCNO1C00,Night,60,,,2020-04-20,1007589,2020-04-23,1008003
D,95909818,2020-36-04,5466,50C,523,B,1,0,2019-12-26,GCNO1C00,Night,60,,,2020-04-20,1007589,2020-04-23,1008003
D,95909819,2020-36-04,5466,50D,524,B,1,0,2020-01-10,GCNO1C00,Night,60,,,2020-04-20,1007589,2020-04-23,1008003
D,95909820,2020-36-04,5466,50E,525,B,1,0,2020-01-17,GCNO1C00,Night,60,,,2020-04-20,1007589,2020-04-23,1008003
D,95909824,2020-36-04,5466,50J,529,B,1,0,2020-01-15,GCNO4C00,Night,60,,,2020-04-20,1007589,2020-04-23,1008003
D,95909821,2020-36-04,5466,50F,526,B,1,0,2020-01-19,GCNO1C00,Night,60,,,2020-04-20,1007589,2020-04-23,1008003
D,95909822,2020-36-04,5466,50G,527,B,1,0,2020-01-21,GCNO1C00,Night,60,,,2020-04-20,1007589,2020-04-23,1008003
D,95909823,2020-36-04,5466,50H,528,B,1,0,2020-01-29,GCNO1C00,Night,60,,,2020-04-20,1007589,2020-04-23,1008003
D,95909825,2020-36-04,5466,50A,531,B,2,0,2020-01-16,GCNO1C00,Night,60,,,2020-04-20,1007589,2020-04-23,1008003
D,95909826,2020-36-04,5466,50B,532,B,2,0,2020-01-20,GCNO1C00,Night,60,,,2020-04-20,1007589,2020-04-23,1008003
D,95909827,2020-36-04,5466,50C,533,B,2,0,2019-12-26,GCNO1C00,Night,60,,,2020-04-20,1007589,2020-04-23,1008003
D,95909828,2020-36-04,5466,50D,534,B,2,0,2020-01-10,GCNO1C00,Night,60,,,2020-04-20,1007589,2020-04-23,1008003
D,95909829,2020-36-04,5466,50E,535,B,2,0,2020-01-17,GCNO1C00,Night,60,,,2020-04-20,1007589,2020-04-23,1008003
D,95909830,2020-36-04,5466,50F,536,B,2,0,2020-01-19,GCNO1C00,Night,60,,,2020-04-20,1007589,2020-04-23,1008003
D,95909831,2020-36-04,5466,50G,537,B,2,0,2020-01-21,GCNO1C00,Night,60,,,2020-04-20,1007589,2020-04-23,1008003
D,95909832,2020-36-04,5466,50H,538,B,2,0,2020-01-29,GCNO1C00,Night,60,,,2020-04-20,1007589,2020-04-23,1008003
D,95909833,2020-36-04,5466,50J,539,B,2,0,2020-01-15,GCNO4C00,Night,60,,,2020-04-20,1007589,2020-04-23,1008003
D,95909834,2020-36-04,5466,50K,541,B,1,0,2020-01-15,GCNO4C00,Night,60,,,2020-04-20,1007589,2020-04-23,1008003
D,95909835,2020-36-04,5466,50L,542,B,1,0,2020-01-21,GCNO1C00,Night,60,,,2020-04-20,1007589,2020-04-23,1008003
D,95909836,2020-36-04,5466,50M,543,B,1,0,2020-01-22,GCNO1C00,Night,60,,,2020-04-20,1007589,2020-04-23,1008003
D,95909837,2020-36-04,5466,50N,544,B,1,0,2020-01-22,GCNO1C00,Night,60,,,2020-04-20,1007589,2020-04-23,1008003
D,95909838,2020-36-04,5466,50K,551,B,2,0,2020-01-15,GCNO4C00,Night,60,,,2020-04-20,1007589,2020-04-23,1008003
D,95909839,2020-36-04,5466,50L,552,B,2,0,2020-01-21,GCNO1C00,Night,60,,,2020-04-20,1007589,2020-04-23,1008003
D,95909840,2020-36-04,5466,50M,553,B,2,0,2020-01-22,GCNO1C00,Night,60,,,2020-04-20,1007589,2020-04-23,1008003
D,95909841,2020-36-04,5466,50N,554,B,2,0,2020-01-22,GCNO1C00,Night,60,,,2020-04-20,1007589,2020-04-23,1008003
D,95909842,2020-36-04,5466,50G,561,B,3,3,2020-01-23,GCNO1C00,Night,60,,,2020-04-20,1007589,2020-04-23,1008003
D,95909843,2020-36-04,5466,50G,571,B,4,3,2020-01-23,GCNO1C00,Night,60,,,2020-04-20,1007589,2020-04-23,1008003
D,95909844,2020-36-04,5466,62A,621,B,1,0,2019-12-24,GCNO1C00,Night,60,,,2020-04-20,1007589,2020-04-23,1008003
D,95909845,2020-36-04,5466,62C,623,B,3,7,2019-12-21,GCNO1C00,Day,90,,,2020-04-20,1007589,2020-04-23,1008003
D,95909846,2020-36-04,5466,62D,624,B,2,2,2019-12-25,GCNO1C00,Day,90,,,2020-04-20,1007589,2020-04-23,1008003
D,95909847,2020-36-04,5466,62E,625,B,2,6,2019-12-24,GCNO1C00,Day,90,,,2020-04-20,1007589,2020-04-23,1008003
D,95909848,2020-36-04,5466,62F,626,B,2,4,2019-12-30,GCNO1C00,Day,90,,,2020-04-20,1007589,2020-04-23,1008003
D,95909849,2020-36-04,5466,62G,627,B,2,3,2020-01-13,GCNO1C00,Day,90,,,2020-04-20,1007589,2020-04-23,1008003
D,95909850,2020-36-04,5466,62H,628,B,2,1,2020-01-17,GCNO1C00,Day,90,,,2020-04-20,1007589,2020-04-23,1008003
D,95909851,2020-36-04,5466,20J,629,B,7,12,2020-02-01,GCNO4C00,Day,90,,,2020-04-20,1007589,2020-04-23,1008003
D,95909852,2020-36-04,5466,63A,631,B,1,0,2019-12-24,GCNO1C00,Night,60,,,2020-04-20,1007589,2020-04-23,1008003
D,95909853,2020-36-04,5466,63C,633,B,3,7,2019-12-21,GCNO1C00,Day,90,,,2020-04-20,1007589,2020-04-23,1008003
D,95909854,2020-36-04,5466,63D,634,B,2,2,2019-12-25,GCNO1C00,Day,90,,,2020-04-20,1007589,2020-04-23,1008003
D,95909855,2020-36-04,5466,63E,635,B,2,5,2019-12-24,GCNO1C00,Day,90,,,2020-04-20,1007589,2020-04-23,1008003
D,95909856,2020-36-04,5466,63F,636,B,2,4,2019-12-30,GCNO1C00,Day,90,,,2020-04-20,1007589,2020-04-23,1008003
D,95909857,2020-36-04,5466,63G,637,B,2,4,2020-01-14,GCNO1C00,Day,90,,,2020-04-20,1007589,2020-04-23,1008003
D,95909858,2020-36-04,5466,63H,638,B,2,1,2020-01-17,GCNO1C00,Day,90,,,2020-04-20,1007589,2020-04-23,1008003
D,95909859,2020-36-04,5466,20J,639,B,6,12,2020-02-01,GCNO4C00,Day,90,,,2020-04-20,1007589,2020-04-23,1008003
D,95909860,2020-36-04,5466,20K,641,B,9,12,2020-02-03,GCNO4C00,Day,120,,,2020-04-20,1007589,2020-04-23,1008003
D,95909861,2020-36-04,5466,20L,642,B,9,9,2020-02-07,GCNO1C00,Day,90,,,2020-04-20,1007589,2020-04-23,1008003
D,95909862,2020-36-04,5466,20M,643,B,9,12,2020-02-10,GCNO1C00,Day,90,,,2020-04-20,1007589,2020-04-23,1008003
D,95909863,2020-36-04,5466,20N,644,B,8,14,2020-02-06,GCNO1C00,Day,120,,,2020-04-20,1007589,2020-04-23,1008003
D,95909864,2020-36-04,5466,20K,651,B,8,12,2020-02-03,GCNO4C00,Day,120,,,2020-04-20,1007589,2020-04-23,1008003
D,95909865,2020-36-04,5466,20L,652,B,8,9,2020-02-07,GCNO1C00,Day,90,,,2020-04-20,1007589,2020-04-23,1008003
D,95909866,2020-36-04,5466,20M,653,B,10,12,2020-02-10,GCNO1C00,Day,90,,,2020-04-20,1007589,2020-04-23,1008003
D,95909867,2020-36-04,5466,20N,654,B,7,14,2020-02-06,GCNO1C00,Day,120,,,2020-04-20,1007589,2020-04-23,1008003
D,95909868,2020-36-04,5466,62A,661,B,2,2,2019-12-26,GCNO1C00,Night,60,,,2020-04-20,1007589,2020-04-23,1008003
D,95909869,2020-36-04,5466,63A,671,B,2,3,2019-12-27,GCNO1C00,Night,60,,,2020-04-20,1007589,2020-04-23,1008003
D,95909870,2020-36-04,5466,22A,721,B,3,4,2019-12-11,GCNO1C00,Night,60,,,2020-04-20,1007589,2020-04-23,1008003
D,95909871,2020-36-04,5466,22B,722,B,2,3,2019-12-12,GCNO1C00,Night,60,,,2020-04-20,1007589,2020-04-23,1008003
D,95909872,2020-36-04,5466,20J,729,B,2,1,2020-01-22,GCNO4C00,Night,60,,,2020-04-20,1007589,2020-04-23,1008003
D,95909873,2020-36-04,5466,23A,731,B,3,4,2019-12-11,GCNO1C00,Night,60,,,2020-04-20,1007589,2020-04-23,1008003
D,95909874,2020-36-04,5466,23B,732,B,2,3,2019-12-12,GCNO1C00,Night,60,,,2020-04-20,1007589,2020-04-23,1008003
D,95909875,2020-36-04,5466,20J,739,B,3,1,2020-01-22,GCNO4C00,Night,60,,,2020-04-20,1007589,2020-04-23,1008003
D,95909876,2020-36-04,5466,20K,741,B,2,1,2020-01-23,GCNO4C00,Night,60,,,2020-04-20,1007589,2020-04-23,1008003
D,95909877,2020-36-04,5466,20L,742,B,2,1,2020-01-30,GCNO1C00,Night,60,,,2020-04-20,1007589,2020-04-23,1008003
D,95909878,2020-36-04,5466,20M,743,B,5,5,2020-02-03,GCNO1C00,Night,60,,,2020-04-20,1007589,2020-04-23,1008003
D,95909879,2020-36-04,5466,20N,744,B,6,8,2020-01-30,GCNO1C00,Night,60,,,2020-04-20,1007589,2020-04-23,1008003
D,95909880,2020-36-04,5466,20K,751,B,3,1,2020-01-23,GCNO4C00,Night,60,,,2020-04-20,1007589,2020-04-23,1008003
D,95909881,2020-36-04,5466,20L,752,B,3,1,2020-01-30,GCNO1C00,Night,60,,,2020-04-20,1007589,2020-04-23,1008003
D,95909882,2020-36-04,5466,20M,753,B,6,5,2020-02-03,GCNO1C00,Night,60,,,2020-04-20,1007589,2020-04-23,1008003
D,95909883,2020-36-04,5466,20N,754,B,5,8,2020-01-30,GCNO1C00,Night,60,,,2020-04-20,1007589,2020-04-23,1008003
D,95909884,2020-36-04,5466,80A,801,B,1,0,2020-02-04,GCNO1C00,Night,60,,,2020-04-20,1007589,2020-04-23,1008003
D,95909885,2020-36-04,5466,80A,802,B,4,2,2020-02-06,GCNO1C00,Night,60,,,2020-04-20,1007589,2020-04-23,1008003
D,95909886,2020-36-04,5466,80B,803,B,3,3,2020-02-10,GCNO1C00,Night,60,,,2020-04-20,1007589,2020-04-23,1008003
D,95909887,2020-36-04,5466,80C,804,B,5,2,2020-02-12,GCNO1C00,Night,60,,,2020-04-20,1007589,2020-04-23,1008003
D,95909888,2020-36-04,5466,80D,805,B,3,1,2020-02-12,GCNO1C00,Night,60,,,2020-04-20,1007589,2020-04-23,1008003
D,95909889,2020-36-04,5466,80D,811,B,4,4,2020-02-15,TTNO1T00,Night,60,,,2020-04-20,1007589,2020-04-23,1008003
D,95909893,2020-36-04,5466,80C,824,B,1,0,2020-02-10,GCNO1C00,Night,60,,,2020-04-20,1007589,2020-04-23,1008003
D,95909890,2020-36-04,5466,80D,812,B,5,4,2020-02-15,TTNO1T00,Night,60,,,2020-04-20,1007589,2020-04-23,1008003
D,95909891,2020-36-04,5466,80A,822,B,2,1,2020-02-05,GCNO1C00,Night,60,,,2020-04-20,1007589,2020-04-23,1008003
D,95909892,2020-36-04,5466,80B,823,B,1,0,2020-02-07,GCNO1C00,Night,60,,,2020-04-20,1007589,2020-04-23,1008003
D,95909894,2020-36-04,5466,80C,825,B,3,1,2020-02-11,GCNO1C00,Night,60,,,2020-04-20,1007589,2020-04-23,1008003
D,95909895,2020-36-04,5466,80D,826,B,1,0,2020-02-11,GCNO1C00,Night,60,,,2020-04-20,1007589,2020-04-23,1008003
D,95909896,2020-36-04,5466,80A,832,B,3,1,2020-02-05,GCNO1C00,Night,60,,,2020-04-20,1007589,2020-04-23,1008003
D,95909897,2020-36-04,5466,80B,833,B,2,0,2020-02-07,GCNO1C00,Night,60,,,2020-04-20,1007589,2020-04-23,1008003
D,95909898,2020-36-04,5466,80C,834,B,2,0,2020-02-10,GCNO1C00,Night,60,,,2020-04-20,1007589,2020-04-23,1008003
D,95909899,2020-36-04,5466,80C,835,B,4,1,2020-02-11,GCNO1C00,Night,60,,,2020-04-20,1007589,2020-04-23,1008003
D,95909900,2020-36-04,5466,80D,836,B,2,0,2020-02-11,GCNO1C00,Night,60,,,2020-04-20,1007589,2020-04-23,1008003
D,95909901,2020-36-04,5466,80D,8X1,B,6,4,2020-02-15,TTNO1T00,Night,60,,,2020-04-20,1007589,2020-04-23,1008003
D,95909902,2020-36-04,5466,90A,904,B,7,91,2019-10-07,GCSHDC00,,0,,,2020-04-20,1007589,2020-04-23,1008003
D,95909903,2020-36-04,5466,90A,905,B,8,94,2019-10-10,GCSHDC00,,0,,,2020-04-20,1007589,2020-04-23,1008003
D,95909904,2020-36-04,5466,90A,906,B,11,102,2019-10-18,GCSHDC00,,0,,,2020-04-20,1007589,2020-04-23,1008003
D,95909905,2020-36-04,5466,91A,910,B,7,294,2019-11-04,GCSHDC00,,0,,,2020-04-20,1007589,2020-04-23,1008003
D,95909906,2020-36-04,5466,91A,913,B,5,86,2019-10-09,GCSHDC00,,,,,2020-04-20,1007589,2020-04-23,1008003
D,95909907,2020-36-04,5466,91A,914,B,6,91,2019-10-14,GCSHDC00,,,,,2020-04-20,1007589,2020-04-23,1008003
D,95909908,2020-36-04,5466,90A,921,B,1,77,2019-09-23,GCSHDC00,,0,,,2020-04-20,1007589,2020-04-23,1008003
D,95909909,2020-36-04,5466,90A,922,B,3,80,2019-09-26,GCSHDC00,,0,,,2020-04-20,1007589,2020-04-23,1008003
D,95909910,2020-36-04,5466,90A,923,B,5,85,2019-10-01,GCSHDC00,,0,,,2020-04-20,1007589,2020-04-23,1008003
D,95909911,2020-36-04,5466,90A,931,B,2,77,2019-09-23,GCSHDC00,,0,,,2020-04-20,1007589,2020-04-23,1008003
D,95909912,2020-36-04,5466,90A,932,B,4,80,2019-09-26,GCSHDC00,,0,,,2020-04-20,1007589,2020-04-23,1008003
D,95909913,2020-36-04,5466,90A,933,B,6,85,2019-10-01,GCSHDC00,,0,,,2020-04-20,1007589,2020-04-23,1008003
D,95909914,2020-36-04,5466,91A,941,B,1,77,2019-09-30,GCSHDC00,,0,,,2020-04-20,1007589,2020-04-23,1008003
D,95909915,2020-36-04,5466,91A,942,B,3,81,2019-10-04,GCSHDC00,,,,,2020-04-20,1007589,2020-04-23,1008003
D,95909916,2020-36-04,5466,91A,951,B,2,77,2019-09-30,GCSHDC00,,0,,,2020-04-20,1007589,2020-04-23,1008003
D,95909917,2020-36-04,5466,91A,952,B,4,81,2019-10-04,GCSHDC00,,,,,2020-04-20,1007589,2020-04-23,1008003
D,95909918,2020-36-04,5466,90A,981,B,9,99,2019-10-15,GCSHDC00,,0,,,2020-04-20,1007589,2020-04-23,1008003
D,95909919,2020-36-04,5466,90A,991,B,10,99,2019-10-15,GCSHDC00,,0,,,2020-04-20,1007589,2020-04-23,1008003
D,95909920,2020-36-04,5466,90A,9X1,B,12,102,2019-10-18,GCSHDC00,,0,,,2020-04-20,1007589,2020-04-23,1008003
