COMPANYID,CASENO,PROJECTNO,ACTIVITYCODE,LOCATIONCODE,LOCATIONTYPE,STAGECODE,FLAGCODE,PROCESSCODE,PROCESSSERNO,SHOPCODE,WORKCODE,SECTCODE,PLANSTARTDATE,PLANFINISHDATE,PLANDURATION,LAG,MH1,VOL1,VOL2,RELATIONTYPE,PREVSTAGECODE,PREVFLAGCODE,PREVPROCESSCODE,PREVPROCESSSERNO,RELATIONNO
D,2020-36-04,5466,E62FPG00,62F,P,P,E,P,G00,NO1,EHPF,4100,2019-12-30,2020-01-16,12,2,159.2,152.3,0,SS,P,E,P,000,1114318097
D,2020-36-04,5466,E62FPS00,62F,P,P,E,P,S00,NO1,EHPS,4100,2019-12-26,2020-01-08,8,0,27.8,,0,SS,P,E,P,000,1114318098
D,2020-36-04,5466,P62FPP00,62F,P,P,P,P,P00,NO1,PH00,6302,2020-01-17,2020-01-21,3,1,166.4,0,0,FS,P,W,O,P00,1114318099
D,2020-36-04,5466,E63HPS00,63H,P,P,E,P,S00,NO1,EHPS,4100,2020-01-16,2020-01-30,8,0,25.7,,0,SS,P,E,P,000,1114318100
D,2020-36-04,5466,P63HPP00,63H,P,P,P,P,P00,NO1,PH00,6302,2020-02-03,2020-02-05,3,1,148.7,0,0,FS,P,W,O,P00,1114318101
D,2020-36-04,5466,Z62EZPI0,62E,P,P,Z,Z,PI0,NO1,ESCF,2901,2019-12-18,2019-12-26,6,0,87.4,72.7,0,SS,P,E,P,000,1114318102
D,2020-36-04,5466,Z62EZPR0,62E,P,P,Z,Z,PR0,NO1,ESCF,2901,2020-01-17,2020-01-17,1,1,68,72.7,0,FS,P,P,P,P00,1114318103
D,2020-36-04,5466,E62EPM00,62E,P,P,E,P,M00,NO1,EHPS,4100,2020-01-22,2020-01-23,2,,7.8,,0,,,,,,
D,2020-36-04,5466,T62EO000,62E,P,P,T,O,000,NO1,####,####,2019-12-18,2020-01-23,24,,0,0,0,,,,,,
D,2020-36-04,5466,W62EOP00,62E,P,P,W,O,P00,NO1,####,####,2019-12-18,2020-01-13,16,0,0,0,0,SS,P,E,P,000,1114318106
D,2020-36-04,5466,A62EO000,62E,P,P,A,O,000,NO1,####,####,2019-12-18,2020-01-23,24,0,0,0,0,SS,P,E,P,000,1114318107
D,2020-36-04,5466,E62EP000,62E,P,P,E,P,000,NO1,EHPT,4100,2019-12-18,2020-01-13,16,0,92,64.8,0,SS,P,T,O,000,1114318108
D,2020-36-04,5466,W50KOP00,50K,P,P,W,O,P00,NPE,####,####,2020-01-15,2020-01-23,7,0,0,0,0,SS,P,E,P,000,1114318109
D,2020-36-04,5466,A62AO000,62A,P,P,A,O,000,NO1,####,####,2019-12-24,2020-01-29,21,0,0,0,0,SS,P,E,P,000,1114318110
D,2020-36-04,5466,Z20JZPR0,20J,P,P,Z,Z,PR0,NPE,ESCF,2901,2020-03-02,2020-03-02,1,1,294.8,486.3,0,FS,P,P,P,P00,1114318111
D,2020-36-04,5466,E20JP000,20J,P,P,E,P,000,NPE,EHPT,4400,2020-01-21,2020-02-24,22,0,737.8,570.2,0,SS,P,T,O,000,1114318112
D,2020-36-04,5466,T20JO000,20J,P,P,T,O,000,NPE,####,####,2020-01-21,2020-03-03,28,,0,0,0,,,,,,
D,2020-36-04,5466,A20JO000,20J,P,P,A,O,000,NPE,####,####,2020-01-21,2020-03-03,28,0,0,0,0,SS,P,E,P,000,1114318114
D,2020-36-04,5466,E20JPG00,20J,P,P,E,P,G00,NPE,EHPF,4400,2020-01-23,2020-02-24,20,2,594.4,570.2,0,SS,P,E,P,000,1114318115
D,2020-36-04,5466,W20JOP00,20J,P,P,W,O,P00,NPE,####,####,2020-01-21,2020-02-24,22,0,0,0,0,SS,P,E,P,000,1114318116
D,2020-36-04,5466,P20JPP00,20J,P,P,P,P,P00,NPE,PH00,6302,2020-02-25,2020-02-28,4,1,414.8,0,0,FS,P,W,O,P00,1114318117
D,2020-36-04,5466,E20JPS00,20J,P,P,E,P,S00,NPE,EHPS,4400,2020-01-21,2020-02-12,14,0,115.7,,0,SS,P,E,P,000,1114318118
D,2020-36-04,5466,Z11AZPI0,11A,P,P,Z,Z,PI0,NO1,ESCF,2901,2019-12-02,2019-12-23,16,0,215.4,211.5,0,SS,P,E,P,000,1114318119
D,2020-36-04,5466,E11AP000,11A,P,P,E,P,000,NO1,EHPT,4100,2019-12-02,2019-12-30,20,0,1076,808.9,0,SS,P,T,O,000,1114318120
D,2020-36-04,5466,A11AO000,11A,P,P,A,O,000,NO1,####,####,2019-12-02,2020-01-10,27,0,0,0,0,SS,P,E,P,000,1114318121
D,2020-36-04,5466,P11APP00,11A,P,P,P,P,P00,NO1,PH00,6302,2019-12-31,2020-01-06,3,1,145.4,0,0,FS,P,W,O,P00,1114318122
D,2020-36-04,5466,T11AO000,11A,P,P,T,O,000,NO1,####,####,2019-12-02,2020-01-10,27,,0,0,0,,,,,,
D,2020-36-04,5466,W11AOP00,11A,P,P,W,O,P00,NO1,####,####,2019-12-02,2019-12-30,20,0,0,0,0,SS,P,E,P,000,1114318124
D,2020-36-04,5466,W50EOP00,50E,P,P,W,O,P00,NO1,####,####,2020-01-17,2020-01-23,5,0,0,0,0,SS,P,E,P,000,1114318125
D,2020-36-04,5466,A50FO000,50F,P,P,A,O,000,NO1,####,####,2020-01-20,2020-02-05,10,0,0,0,0,SS,P,E,P,000,1114318126
D,2020-36-04,5466,E50FP000,50F,P,P,E,P,000,NO1,EHPT,4100,2020-01-20,2020-01-29,5,0,89.7,44.7,0,SS,P,T,O,000,1114318127
D,2020-36-04,5466,E50FPG00,50F,P,P,E,P,G00,NO1,EHPF,4100,2020-01-20,2020-01-22,3,0,47.8,44.7,0,SS,P,E,P,000,1114318128
D,2020-36-04,5466,A50DO000,50D,P,P,A,O,000,NO1,####,####,2020-01-10,2020-01-31,13,0,0,0,0,SS,P,E,P,000,1114318129
D,2020-36-04,5466,P50DPP00,50D,P,P,P,P,P00,NO1,PH00,6302,2020-01-22,2020-01-30,4,1,102.1,0,0,FS,P,W,O,P00,1114318130
D,2020-36-04,5466,T50DO000,50D,P,P,T,O,000,NO1,####,####,2020-01-10,2020-01-31,13,,0,0,0,,,,,,
D,2020-36-04,5466,T22BO000,22B,P,P,T,O,000,NO1,####,####,2019-12-09,2020-01-10,22,,0,0,0,,,,,,
D,2020-36-04,5466,E10AP000,10A,P,P,E,P,000,NO1,EHPT,4100,2019-11-11,2019-11-22,10,0,360.6,164.8,0,SS,P,T,O,000,1114318133
D,2020-36-04,5466,Z50CZPR0,50C,P,P,Z,Z,PR0,NO1,ESCF,2901,2020-01-17,2020-01-17,1,1,6.9,7.5,0,FS,P,P,P,P00,1114318134
D,2020-36-04,5466,Z90AZPI0,90A,P,P,Z,Z,PI0,SHD,ESCF,9999,2019-09-23,2019-10-21,20,0,0,0,0,SS,P,E,P,000,1114318135
D,2020-36-04,5466,T63CO000,63C,P,P,T,O,000,NO1,####,####,2019-12-16,2020-01-17,22,,0,0,0,,,,,,
D,2020-36-04,5466,E10FPS00,10F,P,P,E,P,S00,NO1,EHPS,4100,2020-01-15,2020-01-30,9,0,37.6,,0,SS,P,E,P,000,1114318137
D,2020-36-04,5466,Z20JZPI0,20J,P,P,Z,Z,PI0,NPE,ESCF,2901,2020-01-21,2020-02-06,10,0,585.5,486.3,0,SS,P,E,P,000,1114318138
D,2020-36-04,5466,E20KPM00,20K,P,P,E,P,M00,NPE,EHPS,4400,2020-03-02,2020-03-03,2,-2,29.3,,0,SS,D,Z,Z,DI0,1114318139
D,2020-36-04,5466,Z20KZPR0,20K,P,P,Z,Z,PR0,NPE,ESCF,2901,2020-03-02,2020-03-02,1,1,284.5,463.7,0,FS,P,P,P,P00,1114318140
D,2020-36-04,5466,E20KP000,20K,P,P,E,P,000,NPE,EHPT,4400,2020-01-22,2020-02-24,21,0,931.9,721.4,0,SS,P,T,O,000,1114318141
D,2020-36-04,5466,T20KO000,20K,P,P,T,O,000,NPE,####,####,2020-01-22,2020-03-03,27,,0,0,0,,,,,,
D,2020-36-04,5466,A20KO000,20K,P,P,A,O,000,NPE,####,####,2020-01-22,2020-03-03,27,0,0,0,0,SS,P,E,P,000,1114318143
D,2020-36-04,5466,E20KPG00,20K,P,P,E,P,G00,NPE,EHPF,4400,2020-01-29,2020-02-24,19,2,777.3,721.4,0,SS,P,E,P,000,1114318144
D,2020-36-04,5466,Z63FZPI0,63F,P,P,Z,Z,PI0,NO1,ESCF,2901,2019-12-26,2019-12-31,4,0,138.8,115.5,0,SS,P,E,P,000,1114318145
D,2020-36-04,5466,Z50LZPI0,50L,P,P,Z,Z,PI0,NO1,ESCF,2901,2020-01-21,2020-01-22,2,0,109.7,93,0,SS,P,E,P,000,1114318146
D,2020-36-04,5466,Z50LZPR0,50L,P,P,Z,Z,PR0,NO1,ESCF,2901,2020-02-10,2020-02-10,1,1,87.4,93,0,FS,P,P,P,P00,1114318147
D,2020-36-04,5466,Z50NZPI0,50N,P,P,Z,Z,PI0,NO1,ESCF,2901,2020-01-22,2020-01-23,2,0,0,0,0,SS,P,E,P,000,1114318148
D,2020-36-04,5466,E50APS00,50A,P,P,E,P,S00,NO1,EHPS,4100,2020-01-16,2020-01-23,6,0,26.5,,0,SS,P,E,P,000,1114318149
D,2020-36-04,5466,A13DO000,13D,P,P,A,O,000,NO1,####,####,2019-12-31,2020-01-30,18,0,0,0,0,SS,P,E,P,000,1114318150
D,2020-36-04,5466,E13DP000,13D,P,P,E,P,000,NO1,EHPT,4100,2019-12-31,2020-01-17,12,0,156.5,94.4,0,SS,P,T,O,000,1114318151
D,2020-36-04,5466,P11BBP00,11B,P,E,P,B,P00,NO1,PBPT,6200,2019-11-15,2019-11-27,9,1,298.6,6408.9,6875.9,FS,E,P,B,C00,1114318152
D,2020-36-04,5466,E91AP000,91A,P,P,E,P,000,SHD,EHPT,9020,2019-09-30,2019-11-22,39,0,455.4,246.8,365,SS,P,T,O,000,1114318153
D,2020-36-04,5466,E10FPM00,10F,P,P,E,P,M00,NO1,EHPS,4100,2020-02-05,2020-02-06,2,,8,,,,,,,,
D,2020-36-04,5466,E50EPM00,50E,P,P,E,P,M00,NO1,EHPS,4100,2020-01-31,2020-02-03,2,,8.9,,,,,,,,
D,2020-36-04,5466,E10APM00,10A,P,P,E,P,M00,NO1,EHPS,4100,2019-12-05,2019-12-06,2,,6.5,,,,,,,,
D,2020-36-04,5466,E12DPM00,12D,P,P,E,P,M00,NO1,EHPS,4100,2020-01-29,2020-01-30,2,,20.5,,,,,,,,
D,2020-36-04,5466,E50GPM00,50G,P,P,E,P,M00,NO1,EHPS,4100,2020-02-07,2020-02-10,2,,8.7,,,,,,,,
D,2020-36-04,5466,E50HPM00,50H,P,P,E,P,M00,NO1,EHPS,4100,2020-02-13,2020-02-14,2,,13.8,,,,,,,,
D,2020-36-04,5466,E50FPM00,50F,P,P,E,P,M00,NO1,EHPS,4100,2020-02-04,2020-02-05,2,,11.4,,,,,,,,
D,2020-36-04,5466,E50MPM00,50M,P,P,E,P,M00,NO1,EHPS,4100,2020-02-11,2020-02-12,2,,10.2,,,,,,,,
D,2020-36-04,5466,E50KPM00,50K,P,P,E,P,M00,NPE,EHPS,4400,2020-02-04,2020-02-05,2,,8.1,,,,,,,,
D,2020-36-04,5466,W20KOP00,20K,P,P,W,O,P00,NPE,####,####,2020-01-22,2020-02-24,21,0,0,0,0,SS,P,E,P,000,1114318163
D,2020-36-04,5466,T20LO000,20L,P,P,T,O,000,NO1,####,####,2020-01-29,2020-03-04,26,,0,0,0,,,,,,
D,2020-36-04,5466,P20KPP00,20K,P,P,P,P,P00,NPE,PH00,6302,2020-02-25,2020-02-28,4,1,404.1,0,0,FS,P,W,O,P00,1114318165
D,2020-36-04,5466,A20LO000,20L,P,P,A,O,000,NO1,####,####,2020-01-29,2020-03-04,26,0,0,0,0,SS,P,E,P,000,1114318166
D,2020-36-04,5466,E20LPG00,20L,P,P,E,P,G00,NO1,EHPF,4100,2020-01-31,2020-02-25,18,2,1036.9,922,0,SS,P,E,P,000,1114318167
D,2020-36-04,5466,E20KPS00,20K,P,P,E,P,S00,NPE,EHPS,4400,2020-01-22,2020-02-12,13,0,125.3,,0,SS,P,E,P,000,1114318168
D,2020-36-04,5466,Z20KZPI0,20K,P,P,Z,Z,PI0,NPE,ESCF,2901,2020-01-22,2020-02-06,9,0,573.5,476.7,0,SS,P,E,P,000,1114318169
D,2020-36-04,5466,E20LPM00,20L,P,P,E,P,M00,NO1,EHPS,4100,2020-03-03,2020-03-04,2,-2,19,,0,SS,D,Z,Z,DI0,1114318170
D,2020-36-04,5466,Z20LZPR0,20L,P,P,Z,Z,PR0,NO1,ESCF,2901,2020-03-03,2020-03-03,1,1,423.9,436.2,0,FS,P,P,P,P00,1114318171
D,2020-36-04,5466,W20LOP00,20L,P,P,W,O,P00,NO1,####,####,2020-01-29,2020-02-25,20,0,0,0,0,SS,P,E,P,000,1114318172
D,2020-36-04,5466,E20LP000,20L,P,P,E,P,000,NO1,EHPT,4100,2020-01-29,2020-02-25,20,0,1157.8,922,0,SS,P,T,O,000,1114318173
D,2020-36-04,5466,P20LPP00,20L,P,P,P,P,P00,NO1,PH00,6302,2020-02-26,2020-03-02,4,1,368.5,0,0,FS,P,W,O,P00,1114318174
D,2020-36-04,5466,E20LPS00,20L,P,P,E,P,S00,NO1,EHPS,4100,2020-01-29,2020-02-18,15,0,101.9,,0,SS,P,E,P,000,1114318175
D,2020-36-04,5466,Z20LZPI0,20L,P,P,Z,Z,PI0,NO1,ESCF,2901,2020-01-29,2020-02-12,11,0,705.5,580.2,0,SS,P,E,P,000,1114318176
D,2020-36-04,5466,E20MPM00,20M,P,P,E,P,M00,NO1,EHPS,4100,2020-03-03,2020-03-04,2,-2,18.6,,0,SS,D,Z,Z,DI0,1114318177
D,2020-36-04,5466,Z20MZPR0,20M,P,P,Z,Z,PR0,NO1,ESCF,2901,2020-03-03,2020-03-03,1,1,368.4,493.7,0,FS,P,P,P,P00,1114318178
D,2020-36-04,5466,E20MP000,20M,P,P,E,P,000,NO1,EHPT,4100,2020-01-30,2020-02-25,19,0,969.1,775,0,SS,P,T,O,000,1114318179
D,2020-36-04,5466,T20MO000,20M,P,P,T,O,000,NO1,####,####,2020-01-30,2020-03-04,25,,0,0,0,,,,,,
D,2020-36-04,5466,E50NPM00,50N,P,P,E,P,M00,NO1,EHPS,4100,2020-02-07,2020-02-10,2,,9.9,,,,,,,,
D,2020-36-04,5466,E50CPM00,50C,P,P,E,P,M00,NO1,EHPS,4100,2020-01-20,2020-01-21,2,,8.2,,,,,,,,
D,2020-36-04,5466,E80APM00,80A,P,P,E,P,M00,NO1,EHPS,4100,2020-03-04,2020-03-05,2,,11.6,,,,,,,,
D,2020-36-04,5466,E62CPM00,62C,P,P,E,P,M00,NO1,EHPS,4100,2020-01-16,2020-01-17,2,,6.3,,,,,,,,
D,2020-36-04,5466,E90APM00,90A,P,P,E,P,M00,SHD,EDPS,9020,2020-02-07,2020-02-10,2,,11.3,,,,,,,,
D,2020-36-04,5466,E22APM00,22A,P,P,E,P,M00,NO1,EHPS,4100,2020-01-09,2020-01-10,2,,11.3,,,,,,,,
D,2020-36-04,5466,E50DPM00,50D,P,P,E,P,M00,NO1,EHPS,4100,2020-01-30,2020-01-31,2,,8.2,,,,,,,,
D,2020-36-04,5466,E12EPM00,12E,P,P,E,P,M00,NO1,EHPS,4100,2020-01-31,2020-02-03,2,,18.2,,,,,,,,
D,2020-36-04,5466,E63CPM00,63C,P,P,E,P,M00,NO1,EHPS,4100,2020-01-16,2020-01-17,2,,6.3,,,,,,,,
D,2020-36-04,5466,E23BPM00,23B,P,P,E,P,M00,NO1,EHPS,4100,2020-01-09,2020-01-10,2,,5.9,,,,,,,,
D,2020-36-04,5466,Z20MZPI0,20M,P,P,Z,Z,PI0,NO1,ESCF,2901,2020-01-30,2020-02-13,11,0,693.5,685.7,0,SS,P,E,P,000,1114318191
D,2020-36-04,5466,A20MO000,20M,P,P,A,O,000,NO1,####,####,2020-01-30,2020-03-04,25,0,0,0,0,SS,P,E,P,000,1114318192
D,2020-36-04,5466,E20MPG00,20M,P,P,E,P,G00,NO1,EHPF,4100,2020-02-03,2020-02-25,17,2,853.8,775,0,SS,P,E,P,000,1114318193
D,2020-36-04,5466,Z62GZPI0,62G,P,P,Z,Z,PI0,NO1,ESCF,2901,2020-01-10,2020-01-15,4,0,117.7,98,0,SS,P,E,P,000,1114318194
D,2020-36-04,5466,W20MOP00,20M,P,P,W,O,P00,NO1,####,####,2020-01-30,2020-02-25,19,0,0,0,0,SS,P,E,P,000,1114318195
D,2020-36-04,5466,P20MPP00,20M,P,P,P,P,P00,NO1,PH00,6302,2020-02-26,2020-03-02,4,1,399,0,0,FS,P,W,O,P00,1114318196
D,2020-36-04,5466,E20MPS00,20M,P,P,E,P,S00,NO1,EHPS,4100,2020-01-30,2020-02-19,15,0,96.7,,0,SS,P,E,P,000,1114318197
D,2020-36-04,5466,E13EPM00,13E,P,P,E,P,M00,NO1,EHPS,4100,2020-01-31,2020-02-03,2,,17,,,,,,,,
D,2020-36-04,5466,E62AP000,62A,P,P,E,P,000,NO1,EHPT,4100,2019-12-24,2020-01-10,11,0,101.8,64.1,0,SS,P,T,O,000,1114318199
D,2020-36-04,5466,W10AOP00,10A,P,P,W,O,P00,NO1,####,####,2019-11-11,2019-11-28,14,0,0,0,0,SS,P,E,P,000,1114318200
D,2020-36-04,5466,E62DPG00,62D,P,P,E,P,G00,NO1,EHPF,4100,2019-12-26,2020-01-09,9,2,108.9,111.2,0,SS,P,E,P,000,1114318201
D,2020-36-04,5466,E62DPS00,62D,P,P,E,P,S00,NO1,EHPS,4100,2019-12-23,2020-01-06,8,0,26.8,,0,SS,P,E,P,000,1114318202
D,2020-36-04,5466,A50EO000,50E,P,P,A,O,000,NO1,####,####,2020-01-17,2020-02-03,9,0,0,0,0,SS,P,E,P,000,1114318203
D,2020-36-04,5466,E50EPG00,50E,P,P,E,P,G00,NO1,EHPF,4100,2020-01-21,2020-01-23,3,2,35.2,35.5,0,SS,P,E,P,000,1114318204
D,2020-36-04,5466,P12DPP00,12D,P,P,P,P,P00,NO1,PH00,6302,2020-01-16,2020-01-21,4,1,111.9,0,0,FS,P,W,O,P00,1114318205
D,2020-36-04,5466,T12DO000,12D,P,P,T,O,000,NO1,####,####,2019-12-30,2020-01-30,19,,0,0,0,,,,,,
D,2020-36-04,5466,P50EPP00,50E,P,P,P,P,P00,NO1,PH00,6302,2020-01-29,2020-02-03,4,1,113.1,0,0,FS,P,W,O,P00,1114318207
D,2020-36-04,5466,E50FPS00,50F,P,P,E,P,S00,NO1,EHPS,4100,2020-01-20,2020-01-29,5,0,30.5,,0,SS,P,E,P,000,1114318208
D,2020-36-04,5466,E50MPG00,50M,P,P,E,P,G00,NO1,EHPF,4100,2020-01-29,2020-02-04,5,2,32.3,35.1,0,SS,P,E,P,000,1114318209
D,2020-36-04,5466,E90APG00,90A,P,P,E,P,G00,SHD,EDPE,9020,2019-09-25,2019-11-15,37,2,1527.3,1297.1,0,SS,P,E,P,000,1114318210
D,2020-36-04,5466,P50FPP00,50F,P,P,P,P,P00,NO1,PH00,6302,2020-01-30,2020-02-04,4,1,121.1,0,0,FS,P,W,O,P00,1114318211
D,2020-36-04,5466,E50NPS00,50N,P,P,E,P,S00,NO1,EHPS,4100,2020-01-22,2020-01-31,5,0,21.5,,0,SS,P,E,P,000,1114318212
D,2020-36-04,5466,E50EP000,50E,P,P,E,P,000,NO1,EHPT,4100,2020-01-17,2020-01-23,5,0,76.2,35.5,0,SS,P,T,O,000,1114318213
D,2020-36-04,5466,E12DPS00,12D,P,P,E,P,S00,NO1,EHPS,4100,2019-12-30,2020-01-08,6,0,32.8,,0,SS,P,E,P,000,1114318214
D,2020-36-04,5466,W50DOP00,50D,P,P,W,O,P00,NO1,####,####,2020-01-10,2020-01-21,8,0,0,0,0,SS,P,E,P,000,1114318215
D,2020-36-04,5466,P50JPP00,50J,P,P,P,P,P00,NPE,PH00,6302,2020-01-30,2020-02-04,4,2,83.4,0,0,FS,P,W,O,P00,1114318216
D,2020-36-04,5466,T50JO000,50J,P,P,T,O,000,NPE,####,####,2020-01-15,2020-02-05,13,,0,0,0,,,,,,
D,2020-36-04,5466,W50JOP00,50J,P,P,W,O,P00,NPE,####,####,2020-01-15,2020-01-23,7,0,0,0,0,SS,P,E,P,000,1114318218
D,2020-36-04,5466,P23APP00,23A,P,P,P,P,P00,NO1,PH00,6302,2019-12-31,2020-01-06,3,1,124.8,0,0,FS,P,W,O,P00,1114318219
D,2020-36-04,5466,T23AO000,23A,P,P,T,O,000,NO1,####,####,2019-12-09,2020-01-10,22,,0,0,0,,,,,,
D,2020-36-04,5466,E50LPS00,50L,P,P,E,P,S00,NO1,EHPS,4100,2020-01-21,2020-01-31,6,0,23.9,,0,SS,P,E,P,000,1114318221
D,2020-36-04,5466,E50LP000,50L,P,P,E,P,000,NO1,EHPT,4100,2020-01-21,2020-02-03,7,0,74.4,39.6,0,SS,P,T,O,000,1114318222
D,2020-36-04,5466,T50LO000,50L,P,P,T,O,000,NO1,####,####,2020-01-21,2020-02-11,13,,0,0,0,,,,,,
D,2020-36-04,5466,A50NO000,50N,P,P,A,O,000,NO1,####,####,2020-01-22,2020-02-10,11,0,0,0,0,SS,P,E,P,000,1114318224
D,2020-36-04,5466,Z50AZPR0,50A,P,P,Z,Z,PR0,NO1,ESCF,2901,2020-02-04,2020-02-04,1,1,44.6,48,0,FS,P,P,P,P00,1114318225
D,2020-36-04,5466,E50NPG00,50N,P,P,E,P,G00,NO1,EHPF,4100,2020-01-29,2020-01-31,3,2,33.8,37.5,0,SS,P,E,P,000,1114318226
D,2020-36-04,5466,Z13DZPR0,13D,P,P,Z,Z,PR0,NO1,ESCF,2901,2020-01-23,2020-01-23,1,1,145.1,129,0,FS,P,P,P,P00,1114318227
D,2020-36-04,5466,Z62CZPI0,62C,P,P,Z,Z,PI0,NO1,ESCF,2901,2019-12-16,2019-12-24,7,0,159.4,133.2,0,SS,P,E,P,000,1114318228
D,2020-36-04,5466,Z62CZPR0,62C,P,P,Z,Z,PR0,NO1,ESCF,2901,2020-01-10,2020-01-10,1,1,78.8,84.3,0,FS,P,P,P,P00,1114318229
D,2020-36-04,5466,E90AP000,90A,P,P,E,P,000,SHD,EHPT,9020,2019-09-23,2019-11-15,39,0,1620.3,1297.1,711,SS,P,T,O,000,1114318230
D,2020-36-04,5466,E63DPM00,63D,P,P,E,P,M00,NO1,EHPS,4100,2020-01-16,2020-01-17,2,,8,,0,,,,,,
D,2020-36-04,5466,P62DPP00,62D,P,P,P,P,P00,NO1,PH00,6302,2020-01-10,2020-01-14,3,1,145.1,0,0,FS,P,W,O,P00,1114318232
D,2020-36-04,5466,T63DO000,63D,P,P,T,O,000,NO1,####,####,2019-12-23,2020-01-17,17,,0,0,0,,,,,,
D,2020-36-04,5466,Z63DZPI0,63D,P,P,Z,Z,PI0,NO1,ESCF,2901,2019-12-23,2019-12-27,4,0,121.7,101,0,SS,P,E,P,000,1114318234
D,2020-36-04,5466,Z63DZPR0,63D,P,P,Z,Z,PR0,NO1,ESCF,2901,2020-01-15,2020-01-15,1,1,64,68.7,0,FS,P,P,P,P00,1114318235
D,2020-36-04,5466,W63DOP00,63D,P,P,W,O,P00,NO1,####,####,2019-12-23,2020-01-10,12,0,0,0,0,SS,P,E,P,000,1114318236
D,2020-36-04,5466,A63DO000,63D,P,P,A,O,000,NO1,####,####,2019-12-23,2020-01-17,17,0,0,0,0,SS,P,E,P,000,1114318237
D,2020-36-04,5466,E63DP000,63D,P,P,E,P,000,NO1,EHPT,4100,2019-12-23,2020-01-08,10,0,143.3,111.2,0,SS,P,T,O,000,1114318238
D,2020-36-04,5466,E63DPG00,63D,P,P,E,P,G00,NO1,EHPF,4100,2019-12-26,2020-01-08,8,2,108.5,111.2,0,SS,P,E,P,000,1114318239
D,2020-36-04,5466,E63DPS00,63D,P,P,E,P,S00,NO1,EHPS,4100,2019-12-23,2020-01-06,8,0,26.8,,0,SS,P,E,P,000,1114318240
D,2020-36-04,5466,P63DPP00,63D,P,P,P,P,P00,NO1,PH00,6302,2020-01-10,2020-01-14,3,0,145.1,0,0,FS,P,W,O,P00,1114318241
D,2020-36-04,5466,A431O000,431,P,N,A,O,000,NO1,####,####,2019-09-04,2019-09-11,6,-60,0,0,0,SS,N,W,O,N00,1114318242
D,2020-36-04,5466,T421O000,421,P,N,T,O,000,NO1,####,####,2019-09-02,2019-09-09,6,,0,0,0,,,,,,
D,2020-36-04,5466,T50FO000,50F,P,P,T,O,000,NO1,####,####,2020-01-20,2020-02-05,10,,0,0,0,,,,,,
D,2020-36-04,5466,T13EO000,13E,P,P,T,O,000,NO1,####,####,2019-12-31,2020-02-03,20,,0,0,0,,,,,,
D,2020-36-04,5466,W23AOP00,23A,P,P,W,O,P00,NO1,####,####,2019-12-09,2019-12-30,15,0,0,0,0,SS,P,E,P,000,1114318246
D,2020-36-04,5466,E20NPS00,20N,P,P,E,P,S00,NO1,EHPS,4100,2020-01-23,2020-02-17,15,0,97,,0,SS,P,E,P,000,1114318247
D,2020-36-04,5466,Z50BZPI0,50B,P,P,Z,Z,PI0,NO1,ESCF,2901,2020-01-20,2020-01-21,2,0,9.1,8,0,SS,P,E,P,000,1114318248
D,2020-36-04,5466,E50DP000,50D,P,P,E,P,000,NO1,EHPT,4100,2020-01-10,2020-01-21,8,0,65.3,29.3,0,SS,P,T,O,000,1114318249
D,2020-36-04,5466,Z10AZPR0,10A,P,P,Z,Z,PR0,NO1,ESCF,2901,2019-12-06,2019-12-06,1,1,106.2,112,0,FS,P,P,P,P00,1114318250
D,2020-36-04,5466,E23BPG00,23B,P,P,E,P,G00,NO1,EHPF,4100,2019-12-11,2019-12-31,14,2,172.9,168.1,0,SS,P,E,P,000,1114318251
D,2020-36-04,5466,E50DPG00,50D,P,P,E,P,G00,NO1,EHPF,4100,2020-01-10,2020-01-17,6,0,28.9,29.3,0,SS,P,E,P,000,1114318252
D,2020-36-04,5466,E50DPS00,50D,P,P,E,P,S00,NO1,EHPS,4100,2020-01-10,2020-01-17,6,0,28.2,,0,SS,P,E,P,000,1114318253
D,2020-36-04,5466,E12EPS00,12E,P,P,E,P,S00,NO1,EHPS,4100,2019-12-26,2020-01-08,8,0,59.8,,0,SS,P,E,P,000,1114318254
D,2020-36-04,5466,E50NP000,50N,P,P,E,P,000,NO1,EHPT,4100,2020-01-22,2020-01-31,5,0,65.2,37.5,0,SS,P,T,O,000,1114318255
D,2020-36-04,5466,A50HO000,50H,P,P,A,O,000,NO1,####,####,2020-01-29,2020-02-14,13,0,0,0,0,SS,P,E,P,000,1114318256
D,2020-36-04,5466,E50HP000,50H,P,P,E,P,000,NO1,EHPT,4100,2020-01-29,2020-02-06,7,0,83.1,39.6,0,SS,P,T,O,000,1114318257
D,2020-36-04,5466,E50HPG00,50H,P,P,E,P,G00,NO1,EHPF,4100,2020-01-31,2020-02-06,5,2,42.6,39.6,0,SS,P,E,P,000,1114318258
D,2020-36-04,5466,E50HPS00,50H,P,P,E,P,S00,NO1,EHPS,4100,2020-01-29,2020-02-05,6,0,26.7,,0,SS,P,E,P,000,1114318259
D,2020-36-04,5466,A10FO000,10F,P,P,A,O,000,NO1,####,####,2020-01-15,2020-02-06,14,0,0,0,0,SS,P,E,P,000,1114318260
D,2020-36-04,5466,E10FP000,10F,P,P,E,P,000,NO1,EHPT,4100,2020-01-15,2020-01-31,10,0,186.1,227.2,0,SS,P,T,O,000,1114318261
D,2020-36-04,5466,E50LPG00,50L,P,P,E,P,G00,NO1,EHPF,4100,2020-01-23,2020-02-03,5,2,39.9,39.6,0,SS,P,E,P,000,1114318262
D,2020-36-04,5466,P50LPP00,50L,P,P,P,P,P00,NO1,PH00,6302,2020-02-04,2020-02-07,4,1,78.9,0,0,FS,P,W,O,P00,1114318263
D,2020-36-04,5466,W50LOP00,50L,P,P,W,O,P00,NO1,####,####,2020-01-21,2020-02-03,7,0,0,0,0,SS,P,E,P,000,1114318264
D,2020-36-04,5466,P50APP00,50A,P,P,P,P,P00,NO1,PH00,6302,2020-01-29,2020-02-03,4,1,117.8,0,0,FS,P,W,O,P00,1114318265
D,2020-36-04,5466,T50AO000,50A,P,P,T,O,000,NO1,####,####,2020-01-16,2020-02-04,11,,0,0,0,,,,,,
D,2020-36-04,5466,E80AP000,80A,P,P,E,P,000,NO1,EHPT,4100,2020-02-04,2020-02-26,17,0,450.6,274.4,0,SS,P,T,O,000,1114318267
D,2020-36-04,5466,A10AO000,10A,P,P,A,O,000,NO1,####,####,2019-11-11,2019-12-06,20,0,0,0,0,SS,P,E,P,000,1114318268
D,2020-36-04,5466,E62EPG00,62E,P,P,E,P,G00,NO1,EHPF,4100,2019-12-20,2020-01-13,14,2,66.6,64.8,0,SS,P,E,P,000,1114318269
D,2020-36-04,5466,Z62AZPI0,62A,P,P,Z,Z,PI0,NO1,ESCF,2901,2019-12-24,2019-12-27,3,0,36.6,30.7,0,SS,P,E,P,000,1114318270
D,2020-36-04,5466,Z62AZPR0,62A,P,P,Z,Z,PR0,NO1,ESCF,2901,2020-01-20,2020-01-20,1,1,28.6,30.7,0,FS,P,P,P,P00,1114318271
D,2020-36-04,5466,Z50AZPI0,50A,P,P,Z,Z,PI0,NO1,ESCF,2901,2020-01-16,2020-01-17,2,0,57.1,48,0,SS,P,E,P,000,1114318272
D,2020-36-04,5466,T22AO000,22A,P,P,T,O,000,NO1,####,####,2019-12-09,2020-01-10,22,,0,0,0,,,,,,
D,2020-36-04,5466,W22AOP00,22A,P,P,W,O,P00,NO1,####,####,2019-12-09,2019-12-30,15,0,0,0,0,SS,P,E,P,000,1114318274
D,2020-36-04,5466,A22BO000,22B,P,P,A,O,000,NO1,####,####,2019-12-09,2020-01-10,22,0,0,0,0,SS,P,E,P,000,1114318275
D,2020-36-04,5466,E22BP000,22B,P,P,E,P,000,NO1,EHPT,4100,2019-12-09,2019-12-31,16,0,207.3,168.5,0,SS,P,T,O,000,1114318276
D,2020-36-04,5466,E22BPG00,22B,P,P,E,P,G00,NO1,EHPF,4100,2019-12-11,2019-12-31,14,2,178.2,168.5,0,SS,P,E,P,000,1114318277
D,2020-36-04,5466,E22BPS00,22B,P,P,E,P,S00,NO1,EHPS,4100,2019-12-09,2019-12-20,10,0,22,,0,SS,P,E,P,000,1114318278
D,2020-36-04,5466,P22BPP00,22B,P,P,P,P,P00,NO1,PH00,6302,2020-01-03,2020-01-07,3,1,136.9,0,0,FS,P,W,O,P00,1114318279
D,2020-36-04,5466,Z80AZPI0,80A,P,P,Z,Z,PI0,NO1,ESCF,2901,2020-02-04,2020-02-07,4,0,460.4,389,0,SS,P,E,P,000,1114318280
D,2020-36-04,5466,Z80AZPR0,80A,P,P,Z,Z,PR0,NO1,ESCF,2901,2020-03-04,2020-03-04,1,1,125.1,133.7,0,FS,P,P,P,P00,1114318281
D,2020-36-04,5466,Z12EZPI0,12E,P,P,Z,Z,PI0,NO1,ESCF,2901,2019-12-26,2019-12-31,4,0,589.5,476.3,0,SS,P,E,P,000,1114318282
D,2020-36-04,5466,E50KP000,50K,P,P,E,P,000,NPE,EHPT,4400,2020-01-15,2020-01-23,7,0,79.3,32.6,0,SS,P,T,O,000,1114318283
D,2020-36-04,5466,T63AO000,63A,P,P,T,O,000,NO1,####,####,2019-12-24,2020-01-29,21,,0,0,0,,,,,,
D,2020-36-04,5466,Z10FZPI0,10F,P,P,Z,Z,PI0,NO1,ESCF,2901,2020-01-15,2020-01-21,5,0,547.2,462.3,0,SS,P,E,P,000,1114318285
D,2020-36-04,5466,Z10FZPR0,10F,P,P,Z,Z,PR0,NO1,ESCF,2901,2020-02-06,2020-02-06,1,1,32,34,0,FS,P,P,P,P00,1114318286
D,2020-36-04,5466,P23BPP00,23B,P,P,P,P,P00,NO1,PH00,6302,2020-01-03,2020-01-07,3,1,140.6,0,0,FS,P,W,O,P00,1114318287
D,2020-36-04,5466,E63CPS00,63C,P,P,E,P,S00,NO1,EHPS,4100,2019-12-16,2019-12-31,11,0,41.4,,0,SS,P,E,P,000,1114318288
D,2020-36-04,5466,E10FPG00,10F,P,P,E,P,G00,NO1,EHPF,4100,2020-01-15,2020-01-29,8,0,140.5,227.2,0,SS,P,E,P,000,1114318289
D,2020-36-04,5466,W50MOP00,50M,P,P,W,O,P00,NO1,####,####,2020-01-22,2020-02-04,7,0,0,0,0,SS,P,E,P,000,1114318290
D,2020-36-04,5466,E50MPS00,50M,P,P,E,P,S00,NO1,EHPS,4100,2020-01-22,2020-02-03,6,0,23.5,,0,SS,P,E,P,000,1114318291
D,2020-36-04,5466,W12DOP00,12D,P,P,W,O,P00,NO1,####,####,2019-12-30,2020-01-15,11,0,0,0,0,SS,P,E,P,000,1114318292
D,2020-36-04,5466,A12EO000,12E,P,P,A,O,000,NO1,####,####,2019-12-26,2020-02-03,23,0,0,0,0,SS,P,E,P,000,1114318293
D,2020-36-04,5466,P80APP00,80A,P,P,P,P,P00,NO1,PH00,6302,2020-02-27,2020-03-03,4,1,265.1,0,0,FS,P,W,O,P00,1114318294
D,2020-36-04,5466,T80AO000,80A,P,P,T,O,000,NO1,####,####,2020-02-04,2020-03-05,23,,0,0,0,,,,,,
D,2020-36-04,5466,W80AOP00,80A,P,P,W,O,P00,NO1,####,####,2020-02-04,2020-02-26,17,0,0,0,0,SS,P,E,P,000,1114318296
D,2020-36-04,5466,W105ON00,105,P,N,W,O,N00,NO1,####,####,2020-01-21,2020-01-23,3,71,0,0,0,SS,N,T,O,000,1114318297
D,2020-36-04,5466,A421O000,421,P,N,A,O,000,NO1,####,####,2019-09-04,2019-09-11,6,-60,0,0,0,SS,N,W,O,N00,1114318298
D,2020-36-04,5466,A105O000,105,P,N,A,O,000,NO1,####,####,2019-10-16,2019-10-23,6,-66,0,0,0,SS,N,W,O,N00,1114318299
D,2020-36-04,5466,Z62DZPI0,62D,P,P,Z,Z,PI0,NO1,ESCF,2901,2019-12-23,2019-12-27,4,0,121.7,101,0,SS,P,E,P,000,1114318300
D,2020-36-04,5466,P731TP00,731,P,T,P,T,P00,NO1,####,####,2019-12-04,2019-12-06,3,,0,0,0,,,,,,
D,2020-36-04,5466,P13EPP00,13E,P,P,P,P,P00,NO1,PH00,6302,2020-01-23,2020-01-30,3,1,127.1,0,0,FS,P,W,O,P00,1114318302
D,2020-36-04,5466,W13EOP00,13E,P,P,W,O,P00,NO1,####,####,2019-12-31,2020-01-22,15,0,0,0,0,SS,P,E,P,000,1114318303
D,2020-36-04,5466,T50EO000,50E,P,P,T,O,000,NO1,####,####,2020-01-17,2020-02-03,9,,0,0,0,,,,,,
D,2020-36-04,5466,Z63AZPR0,63A,P,P,Z,Z,PR0,NO1,ESCF,2901,2020-01-20,2020-01-20,1,1,28.6,30.7,0,FS,P,P,P,P00,1114318305
D,2020-36-04,5466,Z50MZPI0,50M,P,P,Z,Z,PI0,NO1,ESCF,2901,2020-01-22,2020-01-23,2,0,17.1,14,0,SS,P,E,P,000,1114318306
D,2020-36-04,5466,Z22AZPI0,22A,P,P,Z,Z,PI0,NO1,ESCF,2901,2019-12-09,2019-12-17,7,0,235.9,196.5,0,SS,P,E,P,000,1114318307
D,2020-36-04,5466,Z22AZPR0,22A,P,P,Z,Z,PR0,NO1,ESCF,2901,2020-01-07,2020-01-07,1,1,113.1,120.5,0,FS,P,P,P,P00,1114318308
D,2020-36-04,5466,P50KPP00,50K,P,P,P,P,P00,NPE,PH00,6302,2020-01-29,2020-02-03,4,1,81.7,0,0,FS,P,W,O,P00,1114318309
D,2020-36-04,5466,P63CPP00,63C,P,P,P,P,P00,NO1,PH00,6302,2020-01-07,2020-01-09,3,1,154.1,0,0,FS,P,W,O,P00,1114318310
D,2020-36-04,5466,W80DOP00,80D,P,P,W,O,P00,NO1,####,####,2020-02-11,2020-03-03,16,0,0,0,0,SS,P,E,P,000,1114318311
D,2020-36-04,5466,Z80DZPI0,80D,P,P,Z,Z,PI0,NO1,ESCF,2901,2020-02-11,2020-02-18,6,0,656.3,550,0,SS,P,E,P,000,1114318312
D,2020-36-04,5466,Z80DZPR0,80D,P,P,Z,Z,PR0,NO1,ESCF,2901,2020-03-10,2020-03-10,1,1,93.7,94.5,0,FS,P,P,P,P00,1114318313
D,2020-36-04,5466,Z63FZPR0,63F,P,P,Z,Z,PR0,NO1,ESCF,2901,2020-01-22,2020-01-22,1,1,62.8,66.7,0,FS,P,P,P,P00,1114318314
D,2020-36-04,5466,P721TP00,721,P,T,P,T,P00,NO1,####,####,2019-12-04,2019-12-06,3,,0,0,0,,,,,,
D,2020-36-04,5466,E63FPM00,63F,P,P,E,P,M00,NO1,EHPS,4100,2020-01-29,2020-01-30,2,,8.7,,0,,,,,,
D,2020-36-04,5466,T63FO000,63F,P,P,T,O,000,NO1,####,####,2019-12-26,2020-01-30,21,,0,0,0,,,,,,
D,2020-36-04,5466,W63FOP00,63F,P,P,W,O,P00,NO1,####,####,2019-12-26,2020-01-16,14,0,0,0,0,SS,P,E,P,000,1114318318
D,2020-36-04,5466,A63FO000,63F,P,P,A,O,000,NO1,####,####,2019-12-26,2020-01-30,21,0,0,0,0,SS,P,E,P,000,1114318319
D,2020-36-04,5466,Z13EZPR0,13E,P,P,Z,Z,PR0,NO1,ESCF,2901,2020-01-31,2020-01-31,1,1,59.4,63.7,0,FS,P,P,P,P00,1114318320
D,2020-36-04,5466,P62CPP00,62C,P,P,P,P,P00,NO1,PH00,6302,2020-01-07,2020-01-09,3,1,154.1,0,0,FS,P,W,O,P00,1114318321
D,2020-36-04,5466,W50BOP00,50B,P,P,W,O,P00,NO1,####,####,2020-01-20,2020-02-03,8,0,0,0,0,SS,P,E,P,000,1114318322
D,2020-36-04,5466,A12DO000,12D,P,P,A,O,000,NO1,####,####,2019-12-30,2020-01-30,19,0,0,0,0,SS,P,E,P,000,1114318323
D,2020-36-04,5466,W90AOP00,90A,P,P,W,O,P00,SHD,####,####,2019-09-23,2020-01-17,81,0,0,0,0,SS,P,E,P,000,1114318324
D,2020-36-04,5466,E80CPG00,80C,P,P,E,P,G00,NO1,EHPF,4100,2020-02-12,2020-02-28,13,2,625.1,494.1,0,SS,P,E,P,000,1114318325
D,2020-36-04,5466,E80APG00,80A,P,P,E,P,G00,NO1,EHPF,4100,2020-02-06,2020-02-26,15,2,396,274.4,0,SS,P,E,P,000,1114318326
D,2020-36-04,5466,E80APS00,80A,P,P,E,P,S00,NO1,EHPS,4100,2020-02-04,2020-02-13,8,0,43,,0,SS,P,E,P,000,1114318327
D,2020-36-04,5466,E80BP000,80B,P,P,E,P,000,NO1,EHPT,4100,2020-02-07,2020-02-28,16,0,215.9,111,0,SS,P,T,O,000,1114318328
D,2020-36-04,5466,A80BO000,80B,P,P,A,O,000,NO1,####,####,2020-02-07,2020-03-06,21,0,0,0,0,SS,P,E,P,000,1114318329
D,2020-36-04,5466,E80BPG00,80B,P,P,E,P,G00,NO1,EHPF,4100,2020-02-11,2020-02-28,14,2,155,111,0,SS,P,E,P,000,1114318330
D,2020-36-04,5466,E80BPS00,80B,P,P,E,P,S00,NO1,EHPS,4100,2020-02-07,2020-02-17,7,0,51.1,,0,SS,P,E,P,000,1114318331
D,2020-36-04,5466,P80BPP00,80B,P,P,P,P,P00,NO1,PH00,6302,2020-03-02,2020-03-05,4,1,192.7,0,0,FS,P,W,O,P00,1114318332
D,2020-36-04,5466,T50KO000,50K,P,P,T,O,000,NPE,####,####,2020-01-15,2020-02-05,13,,0,0,0,,,,,,
D,2020-36-04,5466,P421TP00,421,P,T,P,T,P00,NO1,####,####,2019-12-05,2019-12-09,3,,0,0,0,,,,,,
D,2020-36-04,5466,A80AO000,80A,P,P,A,O,000,NO1,####,####,2020-02-04,2020-03-05,23,0,0,0,0,SS,P,E,P,000,1114318335
D,2020-36-04,5466,A50CO000,50C,P,P,A,O,000,NO1,####,####,2019-12-26,2020-01-21,17,0,0,0,0,SS,P,E,P,000,1114318336
D,2020-36-04,5466,E50CP000,50C,P,P,E,P,000,NO1,EHPT,4100,2019-12-26,2020-01-10,10,0,87.7,44.7,0,SS,P,T,O,000,1114318337
D,2020-36-04,5466,E50CPG00,50C,P,P,E,P,G00,NO1,EHPF,4100,2019-12-26,2020-01-08,8,0,45.9,44.7,0,SS,P,E,P,000,1114318338
D,2020-36-04,5466,E50CPS00,50C,P,P,E,P,S00,NO1,EHPS,4100,2019-12-26,2020-01-06,6,0,33.6,,0,SS,P,E,P,000,1114318339
D,2020-36-04,5466,P50CPP00,50C,P,P,P,P,P00,NO1,PH00,6302,2020-01-13,2020-01-16,4,1,117.7,0,0,FS,P,W,O,P00,1114318340
D,2020-36-04,5466,Z22BZPR0,22B,P,P,Z,Z,PR0,NO1,ESCF,2901,2020-01-08,2020-01-08,1,1,54.3,57.7,0,FS,P,P,P,P00,1114318341
D,2020-36-04,5466,Z50MZPR0,50M,P,P,Z,Z,PR0,NO1,ESCF,2901,2020-02-11,2020-02-11,1,1,12.6,14,0,FS,P,P,P,P00,1114318342
D,2020-36-04,5466,W107ON00,107,P,N,W,O,N00,NO1,####,####,2020-01-30,2020-02-04,4,50,0,0,0,SS,N,T,O,000,1114318343
D,2020-36-04,5466,E63FP000,63F,P,P,E,P,000,NO1,EHPT,4100,2019-12-26,2020-01-16,14,0,195.7,152.3,0,SS,P,T,O,000,1114318344
D,2020-36-04,5466,E63FPG00,63F,P,P,E,P,G00,NO1,EHPF,4100,2019-12-30,2020-01-16,12,2,159.2,152.3,0,SS,P,E,P,000,1114318345
D,2020-36-04,5466,E63FPS00,63F,P,P,E,P,S00,NO1,EHPS,4100,2019-12-26,2020-01-08,8,0,27.8,,0,SS,P,E,P,000,1114318346
D,2020-36-04,5466,P63FPP00,63F,P,P,P,P,P00,NO1,PH00,6302,2020-01-17,2020-01-21,3,1,166.4,0,0,FS,P,W,O,P00,1114318347
D,2020-36-04,5466,A50AO000,50A,P,P,A,O,000,NO1,####,####,2020-01-16,2020-02-04,11,0,0,0,0,SS,P,E,P,000,1114318348
D,2020-36-04,5466,E50AP000,50A,P,P,E,P,000,NO1,EHPT,4100,2020-01-16,2020-01-23,6,0,69.2,35.2,0,SS,P,T,O,000,1114318349
D,2020-36-04,5466,E50APG00,50A,P,P,E,P,G00,NO1,EHPF,4100,2020-01-20,2020-01-23,4,2,32.6,35.2,0,SS,P,E,P,000,1114318350
D,2020-36-04,5466,E11BPM00,11B,P,P,E,P,M00,NO1,EHPS,4100,2019-11-28,2019-11-29,2,,11.4,,,,,,,,
D,2020-36-04,5466,E50EPS00,50E,P,P,E,P,S00,NO1,EHPS,4100,2020-01-17,2020-01-23,5,0,32.1,,0,SS,P,E,P,000,1114318352
D,2020-36-04,5466,E10APG00,10A,P,P,E,P,G00,NO1,EHPF,4100,2019-11-13,2019-11-22,8,2,326.9,164.8,0,SS,P,E,P,000,1114318353
D,2020-36-04,5466,A107O000,107,P,N,A,O,000,NO1,####,####,2019-11-13,2019-11-18,4,-50,0,0,0,SS,N,W,O,N00,1114318354
D,2020-36-04,5466,T107O000,107,P,N,T,O,000,NO1,####,####,2019-11-13,2019-11-18,4,,0,0,0,,,,,,
D,2020-36-04,5466,Z22BZPI0,22B,P,P,Z,Z,PI0,NO1,ESCF,2901,2019-12-09,2019-12-16,6,0,69.1,57.7,0,SS,P,E,P,000,1114318356
D,2020-36-04,5466,E62APM00,62A,P,P,E,P,M00,NO1,EHPS,4100,2020-01-23,2020-01-29,2,,10.3,,,,,,,,
D,2020-36-04,5466,E63APM00,63A,P,P,E,P,M00,NO1,EHPS,4100,2020-01-23,2020-01-29,2,,10.3,,,,,,,,
D,2020-36-04,5466,E50JPS00,50J,P,P,E,P,S00,NPE,EHPS,4400,2020-01-15,2020-01-22,6,0,29.9,,0,SS,P,E,P,000,1114318359
D,2020-36-04,5466,E22BPM00,22B,P,P,E,P,M00,NO1,EHPS,4100,2020-01-09,2020-01-10,2,,7.1,,,,,,,,
D,2020-36-04,5466,E23APM00,23A,P,P,E,P,M00,NO1,EHPS,4100,2020-01-09,2020-01-10,2,,9.8,,,,,,,,
D,2020-36-04,5466,P63APP00,63A,P,P,P,P,P00,NO1,PH00,6302,2020-01-13,2020-01-17,5,1,93.7,0,0,FS,P,W,O,P00,1114318362
D,2020-36-04,5466,W22BOP00,22B,P,P,W,O,P00,NO1,####,####,2019-12-09,2019-12-31,16,0,0,0,0,SS,P,E,P,000,1114318363
D,2020-36-04,5466,Z13DZPI0,13D,P,P,Z,Z,PI0,NO1,ESCF,2901,2019-12-31,2020-01-07,4,0,487.8,380.5,0,SS,P,E,P,000,1114318364
D,2020-36-04,5466,T80BO000,80B,P,P,T,O,000,NO1,####,####,2020-02-07,2020-03-06,21,,0,0,0,,,,,,
D,2020-36-04,5466,W80BOP00,80B,P,P,W,O,P00,NO1,####,####,2020-02-07,2020-02-28,16,0,0,0,0,SS,P,E,P,000,1114318366
D,2020-36-04,5466,Z80BZPI0,80B,P,P,Z,Z,PI0,NO1,ESCF,2901,2020-02-07,2020-02-11,3,0,624.4,527.3,0,SS,P,E,P,000,1114318367
D,2020-36-04,5466,Z80BZPR0,80B,P,P,Z,Z,PR0,NO1,ESCF,2901,2020-03-06,2020-03-06,1,1,49.1,52.3,0,FS,P,P,P,P00,1114318368
D,2020-36-04,5466,E80BPM00,80B,P,P,E,P,M00,NO1,EHPS,4100,2020-03-05,2020-03-06,2,,9.8,,0,,,,,,
D,2020-36-04,5466,E80DP000,80D,P,P,E,P,000,NO1,EHPT,4100,2020-02-11,2020-03-03,16,0,596.8,386,0,SS,P,T,O,000,1114318370
D,2020-36-04,5466,A80DO000,80D,P,P,A,O,000,NO1,####,####,2020-02-11,2020-03-11,22,0,0,0,0,SS,P,E,P,000,1114318371
D,2020-36-04,5466,E80DPG00,80D,P,P,E,P,G00,NO1,EHPF,4100,2020-02-13,2020-03-03,14,2,499,386,0,SS,P,E,P,000,1114318372
D,2020-36-04,5466,E80DPS00,80D,P,P,E,P,S00,NO1,EHPS,4100,2020-02-11,2020-02-24,10,0,74.5,,0,SS,P,E,P,000,1114318373
D,2020-36-04,5466,P80DPP00,80D,P,P,P,P,P00,NO1,PH00,6302,2020-03-04,2020-03-09,4,1,226.7,0,0,FS,P,W,O,P00,1114318374
D,2020-36-04,5466,T80DO000,80D,P,P,T,O,000,NO1,####,####,2020-02-11,2020-03-11,22,,0,0,0,,,,,,
D,2020-36-04,5466,W23BOP00,23B,P,P,W,O,P00,NO1,####,####,2019-12-09,2019-12-31,16,0,0,0,0,SS,P,E,P,000,1114318376
D,2020-36-04,5466,E23BPS00,23B,P,P,E,P,S00,NO1,EHPS,4100,2019-12-09,2019-12-20,10,0,21.5,,0,SS,P,E,P,000,1114318377
D,2020-36-04,5466,E11BP000,11B,P,P,E,P,000,NO1,EHPT,4100,2019-10-02,2019-10-15,9,0,134.1,88.3,0,SS,P,T,O,000,1114318378
D,2020-36-04,5466,E11BPG00,11B,P,P,E,P,G00,NO1,EHPF,4100,2019-10-07,2019-10-15,7,2,107.9,88.3,0,SS,P,E,P,000,1114318379
D,2020-36-04,5466,E11BPS00,11B,P,P,E,P,S00,NO1,EHPS,4100,2019-10-02,2019-10-10,6,0,14.8,,0,SS,P,E,P,000,1114318380
D,2020-36-04,5466,Z50EZPI0,50E,P,P,Z,Z,PI0,NO1,ESCF,2901,2020-01-17,2020-01-20,2,0,0,0,0,SS,P,E,P,000,1114318381
D,2020-36-04,5466,T11BO000,11B,P,P,T,O,000,NO1,####,####,2019-10-02,2019-11-29,42,,0,0,0,,,,,,
D,2020-36-04,5466,E80CPS00,80C,P,P,E,P,S00,NO1,EHPS,4100,2020-02-10,2020-02-19,8,0,41.7,,0,SS,P,E,P,000,1114318383
D,2020-36-04,5466,P80CPP00,80C,P,P,P,P,P00,NO1,PH00,6302,2020-03-02,2020-03-05,4,1,280.3,0,0,FS,P,W,O,P00,1114318384
D,2020-36-04,5466,Z50BZPR0,50B,P,P,Z,Z,PR0,NO1,ESCF,2901,2020-02-10,2020-02-10,1,1,0,0,0,FS,P,P,P,P00,1114318385
D,2020-36-04,5466,U11BGE00,11B,P,E,U,G,E00,OOS,WBER,3103,2019-10-09,2019-10-18,8,-7,337.8,0,0,SS,E,W,O,E00,1114318386
D,2020-36-04,5466,E91APS00,91A,P,P,E,P,S00,SHD,EDPS,9020,2019-09-30,2019-11-11,30,0,38,,0,SS,P,E,P,000,1114318387
D,2020-36-04,5466,A50MO000,50M,P,P,A,O,000,NO1,####,####,2020-01-22,2020-02-12,13,0,0,0,0,SS,P,E,P,000,1114318388
D,2020-36-04,5466,P12EPP00,12E,P,P,P,P,P00,NO1,PH00,6302,2020-01-21,2020-01-29,4,1,129.6,0,0,FS,P,W,O,P00,1114318389
D,2020-36-04,5466,E13EP000,13E,P,P,E,P,000,NO1,EHPT,4100,2019-12-31,2020-01-22,15,0,466.5,401,0,SS,P,T,O,000,1114318390
D,2020-36-04,5466,W63AOP00,63A,P,P,W,O,P00,NO1,####,####,2019-12-24,2020-01-10,11,0,0,0,0,SS,P,E,P,000,1114318391
D,2020-36-04,5466,E20NPG00,20N,P,P,E,P,G00,NO1,EHPF,4100,2020-01-30,2020-02-25,19,2,726,681.2,0,SS,P,E,P,000,1114318392
D,2020-36-04,5466,W20NOP00,20N,P,P,W,O,P00,NO1,####,####,2020-01-23,2020-02-25,21,0,0,0,0,SS,P,E,P,000,1114318393
D,2020-36-04,5466,P20NPP00,20N,P,P,P,P,P00,NO1,PH00,6302,2020-02-26,2020-03-02,4,1,360.5,0,0,FS,P,W,O,P00,1114318394
D,2020-36-04,5466,Z50FZPI0,50F,P,P,Z,Z,PI0,NO1,ESCF,2901,2020-01-20,2020-01-21,2,0,8.6,7.5,0,SS,P,E,P,000,1114318395
D,2020-36-04,5466,Z50FZPR0,50F,P,P,Z,Z,PR0,NO1,ESCF,2901,2020-02-05,2020-02-05,1,1,6.9,7.5,0,FS,P,P,P,P00,1114318396
D,2020-36-04,5466,Z50GZPI0,50G,P,P,Z,Z,PI0,NO1,ESCF,2901,2020-01-21,2020-01-29,4,0,0,0,0,SS,P,E,P,000,1114318397
D,2020-36-04,5466,Z23BZPI0,23B,P,P,Z,Z,PI0,NO1,ESCF,2901,2019-12-09,2019-12-16,6,0,69.1,57.7,0,SS,P,E,P,000,1114318398
D,2020-36-04,5466,A90AO000,90A,P,P,A,O,000,SHD,####,####,2019-09-23,2020-02-10,94,0,0,0,0,SS,P,E,P,000,1114318399
D,2020-36-04,5466,W10FOP00,10F,P,P,W,O,P00,NO1,####,####,2020-01-15,2020-01-31,10,0,0,0,0,SS,P,E,P,000,1114318400
D,2020-36-04,5466,Z80CZPI0,80C,P,P,Z,Z,PI0,NO1,ESCF,2901,2020-02-10,2020-02-13,4,0,1029.9,871,0,SS,P,E,P,000,1114318401
D,2020-36-04,5466,Z80CZPR0,80C,P,P,Z,Z,PR0,NO1,ESCF,2901,2020-03-06,2020-03-06,1,1,96,102.7,0,FS,P,P,P,P00,1114318402
D,2020-36-04,5466,Z50CZPI0,50C,P,P,Z,Z,PI0,NO1,ESCF,2901,2019-12-26,2019-12-27,2,0,28,23.5,0,SS,P,E,P,000,1114318403
D,2020-36-04,5466,E50JPM00,50J,P,P,E,P,M00,NPE,EHPS,4400,2020-02-04,2020-02-05,2,,8.1,,,,,,,,
D,2020-36-04,5466,E20NPM00,20N,P,P,E,P,M00,NO1,EHPS,4100,2020-03-04,2020-03-05,2,,28.2,,,,,,,,
D,2020-36-04,5466,E50JP000,50J,P,P,E,P,000,NPE,EHPT,4400,2020-01-15,2020-01-29,8,0,79.3,33.8,0,SS,P,T,O,000,1114318406
D,2020-36-04,5466,E50JPG00,50J,P,P,E,P,G00,NPE,EHPF,4400,2020-01-17,2020-01-29,6,2,41.3,33.8,0,SS,P,E,P,000,1114318407
D,2020-36-04,5466,A22AO000,22A,P,P,A,O,000,NO1,####,####,2019-12-09,2020-01-10,22,0,0,0,0,SS,P,E,P,000,1114318408
D,2020-36-04,5466,Z50NZPR0,50N,P,P,Z,Z,PR0,NO1,ESCF,2901,2020-02-07,2020-02-07,1,1,0,0,0,FS,P,P,P,P00,1114318409
D,2020-36-04,5466,E50APM00,50A,P,P,E,P,M00,NO1,EHPS,4100,2020-02-03,2020-02-04,2,,10.1,,,,,,,,
D,2020-36-04,5466,E50BPM00,50B,P,P,E,P,M00,NO1,EHPS,4100,2020-02-07,2020-02-10,2,,11.9,,,,,,,,
D,2020-36-04,5466,E13DPM00,13D,P,P,E,P,M00,NO1,EHPS,4100,2020-01-29,2020-01-30,2,,17.3,,,,,,,,
D,2020-36-04,5466,E13DPS00,13D,P,P,E,P,S00,NO1,EHPS,4100,2019-12-31,2020-01-13,8,0,31.9,,0,SS,P,E,P,000,1114318413
D,2020-36-04,5466,P13DPP00,13D,P,P,P,P,P00,NO1,PH00,6302,2020-01-20,2020-01-22,3,1,98.2,0,0,FS,P,W,O,P00,1114318414
D,2020-36-04,5466,T13DO000,13D,P,P,T,O,000,NO1,####,####,2019-12-31,2020-01-30,18,,0,0,0,,,,,,
D,2020-36-04,5466,E13EPS00,13E,P,P,E,P,S00,NO1,EHPS,4100,2019-12-31,2020-01-16,11,0,53,,0,SS,P,E,P,000,1114318416
D,2020-36-04,5466,Z63AZPI0,63A,P,P,Z,Z,PI0,NO1,ESCF,2901,2019-12-24,2019-12-30,4,0,36.6,30.7,0,SS,P,E,P,000,1114318417
D,2020-36-04,5466,W50FOP00,50F,P,P,W,O,P00,NO1,####,####,2020-01-20,2020-01-29,5,0,0,0,0,SS,P,E,P,000,1114318418
D,2020-36-04,5466,A50GO000,50G,P,P,A,O,000,NO1,####,####,2020-01-21,2020-02-10,12,0,0,0,0,SS,P,E,P,000,1114318419
D,2020-36-04,5466,E50GP000,50G,P,P,E,P,000,NO1,EHPT,4100,2020-01-21,2020-02-03,7,0,127.7,129.1,0,SS,P,T,O,000,1114318420
D,2020-36-04,5466,E12EP000,12E,P,P,E,P,000,NO1,EHPT,4100,2019-12-26,2020-01-20,16,0,502.1,419.6,0,SS,P,T,O,000,1114318421
D,2020-36-04,5466,E12EPG00,12E,P,P,E,P,G00,NO1,EHPF,4100,2019-12-26,2020-01-16,14,0,424.1,419.6,0,SS,P,E,P,000,1114318422
D,2020-36-04,5466,Z23BZPR0,23B,P,P,Z,Z,PR0,NO1,ESCF,2901,2020-01-08,2020-01-08,1,1,54.3,57.7,0,FS,P,P,P,P00,1114318423
D,2020-36-04,5466,E50KPG00,50K,P,P,E,P,G00,NPE,EHPF,4400,2020-01-17,2020-01-23,5,2,39.9,32.6,0,SS,P,E,P,000,1114318424
D,2020-36-04,5466,E50KPS00,50K,P,P,E,P,S00,NPE,EHPS,4400,2020-01-15,2020-01-22,6,0,31.3,,0,SS,P,E,P,000,1114318425
D,2020-36-04,5466,T50MO000,50M,P,P,T,O,000,NO1,####,####,2020-01-22,2020-02-12,13,,0,0,0,,,,,,
D,2020-36-04,5466,Z91AZPI0,91A,P,P,Z,Z,PI0,SHD,ESCF,9999,2019-09-30,2019-11-05,26,0,0,0,0,SS,P,E,P,000,1114318427
D,2020-36-04,5466,Z12DZPI0,12D,P,P,Z,Z,PI0,NO1,ESCF,2901,2019-12-30,2019-12-31,2,0,407.9,340.2,0,SS,P,E,P,000,1114318428
D,2020-36-04,5466,E11APG00,11A,P,P,E,P,G00,NO1,EHPF,4100,2019-12-04,2019-12-30,18,2,977.1,808.9,0,SS,P,E,P,000,1114318429
D,2020-36-04,5466,E80DPM00,80D,P,P,E,P,M00,NO1,EHPS,4100,2020-03-10,2020-03-11,2,,23.3,,0,,,,,,
D,2020-36-04,5466,W11BOE00,11B,P,E,W,O,E00,NO1,####,####,2019-10-18,2019-11-12,18,11,0,0,0,SS,P,E,P,000,1114318431
D,2020-36-04,5466,W11BGE00,11B,P,E,W,G,E00,POS,WBER,3103,2019-10-18,2019-11-12,18,11,1187.2,0,0,SS,P,E,P,000,1114318432
D,2020-36-04,5466,W431ON00,431,P,N,W,O,N00,NO1,####,####,2019-12-02,2019-12-05,4,62,0,0,0,SS,N,T,O,000,1114318433
D,2020-36-04,5466,W421ON00,421,P,N,W,O,N00,NO1,####,####,2019-12-02,2019-12-04,3,62,0,0,0,SS,N,T,O,000,1114318434
D,2020-36-04,5466,E91APG00,91A,P,P,E,P,G00,SHD,EDPE,9020,2019-10-02,2019-11-22,37,2,410.4,246.8,0,SS,P,E,P,000,1114318435
D,2020-36-04,5466,P431TP00,431,P,T,P,T,P00,NO1,####,####,2019-12-06,2019-12-09,2,,0,0,0,,,,,,
D,2020-36-04,5466,E11APS00,11A,P,P,E,P,S00,NO1,EHPS,4100,2019-12-02,2019-12-30,20,0,84.4,,0,SS,P,E,P,000,1114318437
D,2020-36-04,5466,E50GPG00,50G,P,P,E,P,G00,NO1,EHPF,4100,2020-01-23,2020-02-03,5,2,82.7,129.1,0,SS,P,E,P,000,1114318438
D,2020-36-04,5466,E50GPS00,50G,P,P,E,P,S00,NO1,EHPS,4100,2020-01-21,2020-02-03,7,0,36.3,,0,SS,P,E,P,000,1114318439
D,2020-36-04,5466,E90APS00,90A,P,P,E,P,S00,SHD,EDPS,9020,2019-09-23,2019-10-25,24,0,81.7,,0,SS,P,E,P,000,1114318440
D,2020-36-04,5466,P90APP00,90A,P,P,P,P,P00,SHD,PL00,9020,2019-12-16,2020-01-15,20,-21,1236.9,0,0,FS,P,W,O,P00,1114318441
D,2020-36-04,5466,E22APS00,22A,P,P,E,P,S00,NO1,EHPS,4100,2019-12-09,2019-12-23,11,0,37.6,,0,SS,P,E,P,000,1114318442
D,2020-36-04,5466,P22APP00,22A,P,P,P,P,P00,NO1,PH00,6302,2019-12-31,2020-01-06,3,1,120.6,0,0,FS,P,W,O,P00,1114318443
D,2020-36-04,5466,W50HOP00,50H,P,P,W,O,P00,NO1,####,####,2020-01-29,2020-02-06,7,0,0,0,0,SS,P,E,P,000,1114318444
D,2020-36-04,5466,A50JO000,50J,P,P,A,O,000,NPE,####,####,2020-01-15,2020-02-05,13,0,0,0,0,SS,P,E,P,000,1114318445
D,2020-36-04,5466,W13DOP00,13D,P,P,W,O,P00,NO1,####,####,2019-12-31,2020-01-17,12,0,0,0,0,SS,P,E,P,000,1114318446
D,2020-36-04,5466,Z10HZPI0,10H,P,P,Z,Z,PI0,G01,ESCF,2901,2019-12-13,2019-12-27,10,0,550.7,57.8,0,SS,P,E,P,000,1114318447
D,2020-36-04,5466,E10HP000,10H,P,P,E,P,000,G01,EHPT,4400,2019-12-13,2020-01-10,18,0,495.8,429.3,0,SS,P,T,O,000,1114318448
D,2020-36-04,5466,A20NO000,20N,P,P,A,O,000,NO1,####,####,2020-01-23,2020-03-05,28,0,0,0,0,SS,P,E,P,000,1114318449
D,2020-36-04,5466,P91APP00,91A,P,P,P,P,P00,SHD,PL00,9020,2019-12-20,2020-01-21,20,-21,726,0,0,FS,P,W,O,P00,1114318450
D,2020-36-04,5466,W80COP00,80C,P,P,W,O,P00,NO1,####,####,2020-02-10,2020-02-28,15,0,0,0,0,SS,P,E,P,000,1114318451
D,2020-36-04,5466,P11BBC00,11B,P,E,P,B,C00,NO1,PBBT,6200,2019-11-14,2019-11-14,1,22,228,3012.9,3933.7,FS,P,E,P,000,1114318452
D,2020-36-04,5466,E13DPG00,13D,P,P,E,P,G00,NO1,EHPF,4100,2020-01-06,2020-01-17,10,2,107.3,94.4,0,SS,P,E,P,000,1114318453
D,2020-36-04,5466,Z62GZPR0,62G,P,P,Z,Z,PR0,NO1,ESCF,2901,2020-02-03,2020-02-03,1,1,91.4,98,0,FS,P,P,P,P00,1114318454
D,2020-36-04,5466,E62GPM00,62G,P,P,E,P,M00,NO1,EHPS,4100,2020-02-03,2020-02-04,2,,8.2,,0,,,,,,
D,2020-36-04,5466,T62GO000,62G,P,P,T,O,000,NO1,####,####,2020-01-10,2020-02-04,15,,0,0,0,,,,,,
D,2020-36-04,5466,W62GOP00,62G,P,P,W,O,P00,NO1,####,####,2020-01-10,2020-01-23,10,0,0,0,0,SS,P,E,P,000,1114318457
D,2020-36-04,5466,A62GO000,62G,P,P,A,O,000,NO1,####,####,2020-01-10,2020-02-04,15,0,0,0,0,SS,P,E,P,000,1114318458
D,2020-36-04,5466,E11APM00,11A,P,P,E,P,M00,NO1,EHPS,4100,2020-01-09,2020-01-10,2,,14.5,,0,,,,,,
D,2020-36-04,5466,Z11AZPR0,11A,P,P,Z,Z,PR0,NO1,ESCF,2901,2020-01-07,2020-01-07,1,1,80,81.5,0,FS,P,P,P,P00,1114318460
D,2020-36-04,5466,P50NPP00,50N,P,P,P,P,P00,NO1,PH00,6302,2020-02-03,2020-02-06,4,1,65.7,0,0,FS,P,W,O,P00,1114318461
D,2020-36-04,5466,P10FPP00,10F,P,P,P,P,P00,NO1,PH00,6302,2020-02-03,2020-02-05,3,1,86.7,0,0,FS,P,W,O,P00,1114318462
D,2020-36-04,5466,T10FO000,10F,P,P,T,O,000,NO1,####,####,2020-01-15,2020-02-06,14,,0,0,0,,,,,,
D,2020-36-04,5466,A63CO000,63C,P,P,A,O,000,NO1,####,####,2019-12-16,2020-01-17,22,0,0,0,0,SS,P,E,P,000,1114318464
D,2020-36-04,5466,E63CP000,63C,P,P,E,P,000,NO1,EHPT,4100,2019-12-16,2020-01-06,13,0,260.6,218,0,SS,P,T,O,000,1114318465
D,2020-36-04,5466,E63CPG00,63C,P,P,E,P,G00,NO1,EHPF,4100,2019-12-18,2020-01-06,11,2,212.9,218,0,SS,P,E,P,000,1114318466
D,2020-36-04,5466,T105O000,105,P,N,T,O,000,NO1,####,####,2019-10-09,2019-10-16,6,,0,0,0,,,,,,
D,2020-36-04,5466,U12EGP00,12E,P,P,U,G,P00,OOS,WBER,3103,2019-12-16,2019-12-26,8,-7,35.7,0,0,SS,P,E,P,000,1114318468
D,2020-36-04,5466,A50LO000,50L,P,P,A,O,000,NO1,####,####,2020-01-21,2020-02-11,13,0,0,0,0,SS,P,E,P,000,1114318469
D,2020-36-04,5466,W63COP00,63C,P,P,W,O,P00,NO1,####,####,2019-12-16,2020-01-06,13,0,0,0,0,SS,P,E,P,000,1114318470
D,2020-36-04,5466,A23BO000,23B,P,P,A,O,000,NO1,####,####,2019-12-09,2020-01-10,22,0,0,0,0,SS,P,E,P,000,1114318471
D,2020-36-04,5466,Z11BZBR0,11B,P,B,Z,Z,BR0,NO1,ESCF,2901,2019-11-28,2019-11-28,1,1,14.6,142.4,0,FS,E,P,B,P00,1114318472
D,2020-36-04,5466,A80CO000,80C,P,P,A,O,000,NO1,####,####,2020-02-10,2020-03-09,21,0,0,0,0,SS,P,E,P,000,1114318473
D,2020-36-04,5466,U10CGP00,10C,P,P,U,G,P00,OOS,WBER,3103,2019-11-18,2019-11-27,8,-7,0,0,0,SS,P,E,P,000,1114318474
D,2020-36-04,5466,E10CP000,10C,P,P,E,P,000,NO1,EHPT,4100,2019-11-27,2019-12-13,13,0,225,153.6,0,SS,P,T,O,000,1114318475
D,2020-36-04,5466,E10CPM00,10C,P,P,E,P,M00,NO1,EHPS,4100,2019-12-19,2019-12-20,2,,13.8,,0,,,,,,
D,2020-36-04,5466,T10CO000,10C,P,P,T,O,000,NO1,####,####,2019-11-27,2019-12-20,18,,0,0,0,,,,,,
D,2020-36-04,5466,E80CP000,80C,P,P,E,P,000,NO1,EHPT,4100,2020-02-10,2020-02-28,15,0,672.4,494.1,0,SS,P,T,O,000,1114318478
D,2020-36-04,5466,Z10AZPI0,10A,P,P,Z,Z,PI0,NO1,ESCF,2901,2019-11-11,2019-11-14,4,0,146.2,122,0,SS,P,E,P,000,1114318479
D,2020-36-04,5466,W10COP00,10C,P,P,W,O,P00,NO1,####,####,2019-11-27,2019-12-13,13,0,0,0,0,SS,P,E,P,000,1114318480
D,2020-36-04,5466,A10CO000,10C,P,P,A,O,000,NO1,####,####,2019-11-27,2019-12-20,18,0,0,0,0,SS,P,E,P,000,1114318481
D,2020-36-04,5466,Z10CZPI0,10C,P,P,Z,Z,PI0,NO1,ESCF,2901,2019-11-27,2019-11-29,3,0,719.2,599.7,0,SS,P,E,P,000,1114318482
D,2020-36-04,5466,Z11BZBI0,11B,P,B,Z,Z,BI0,NO1,ESCF,2901,2019-10-15,2019-10-15,1,8,49.4,207,0,SS,P,E,P,000,1114318483
D,2020-36-04,5466,Z10CZPR0,10C,P,P,Z,Z,PR0,NO1,ESCF,2901,2019-12-19,2019-12-19,1,1,196.5,207,0,FS,P,P,P,P00,1114318484
D,2020-36-04,5466,E10CPG00,10C,P,P,E,P,G00,NO1,EHPF,4100,2019-11-27,2019-12-11,11,0,168.9,153.6,0,SS,P,E,P,000,1114318485
D,2020-36-04,5466,Z11HZPR0,11H,P,P,Z,Z,PR0,G01,ESCF,2901,2020-02-05,2020-02-05,1,1,30.8,145.7,0,FS,P,P,P,P00,1114318486
D,2020-36-04,5466,E11HPM00,11H,P,P,E,P,M00,G01,EHPS,4400,2020-02-04,2020-02-05,2,,22.4,,0,,,,,,
D,2020-36-04,5466,A11HO000,11H,P,P,A,O,000,G01,####,####,2020-01-06,2020-02-05,20,0,0,0,0,SS,P,E,P,000,1114318488
D,2020-36-04,5466,P11HPP00,11H,P,P,P,P,P00,G01,PH00,6302,2020-01-31,2020-02-04,3,1,110.4,0,0,FS,P,W,O,P00,1114318489
D,2020-36-04,5466,W11HOP00,11H,P,P,W,O,P00,G01,####,####,2020-01-06,2020-01-30,16,0,0,0,0,SS,P,E,P,000,1114318490
D,2020-36-04,5466,T11HO000,11H,P,P,T,O,000,G01,####,####,2020-01-06,2020-02-05,20,,0,0,0,,,,,,
D,2020-36-04,5466,Z11HZPI0,11H,P,P,Z,Z,PI0,G01,ESCF,2901,2020-01-06,2020-01-14,7,0,201.6,629.5,0,SS,P,E,P,000,1114318492
D,2020-36-04,5466,E11HP000,11H,P,P,E,P,000,G01,EHPT,4400,2020-01-06,2020-01-30,16,0,498.8,324.2,0,SS,P,T,O,000,1114318493
D,2020-36-04,5466,E11HPG00,11H,P,P,E,P,G00,G01,EHPF,4400,2020-01-08,2020-01-30,14,2,429.6,324.2,0,SS,P,E,P,000,1114318494
D,2020-36-04,5466,E11HPS00,11H,P,P,E,P,S00,G01,EHPS,4400,2020-01-06,2020-01-20,11,0,46.8,,0,SS,P,E,P,000,1114318495
D,2020-36-04,5466,Z50HZPI0,50H,P,P,Z,Z,PI0,NO1,ESCF,2901,2020-01-29,2020-01-30,2,0,8.6,7.5,0,SS,P,E,P,000,1114318496
D,2020-36-04,5466,Z20NZPI0,20N,P,P,Z,Z,PI0,NO1,ESCF,2901,2020-01-23,2020-02-11,11,0,634.6,626.2,0,SS,P,E,P,000,1114318497
D,2020-36-04,5466,E50BP000,50B,P,P,E,P,000,NO1,EHPT,4100,2020-01-20,2020-02-03,8,0,76.9,35.6,0,SS,P,T,O,000,1114318498
D,2020-36-04,5466,E50BPG00,50B,P,P,E,P,G00,NO1,EHPF,4100,2020-01-22,2020-02-03,6,2,34.5,35.6,0,SS,P,E,P,000,1114318499
D,2020-36-04,5466,A50KO000,50K,P,P,A,O,000,NPE,####,####,2020-01-15,2020-02-05,13,0,0,0,0,SS,P,E,P,000,1114318500
D,2020-36-04,5466,E62GP000,62G,P,P,E,P,000,NO1,EHPT,4100,2020-01-10,2020-01-23,10,0,153.7,117.5,0,SS,P,T,O,000,1114318501
D,2020-36-04,5466,E62GPG00,62G,P,P,E,P,G00,NO1,EHPF,4100,2020-01-14,2020-01-23,8,2,120.8,117.5,0,SS,P,E,P,000,1114318502
D,2020-36-04,5466,Z62HZPR0,62H,P,P,Z,Z,PR0,NO1,ESCF,2901,2020-02-06,2020-02-06,1,1,97.7,104.5,0,FS,P,P,P,P00,1114318503
D,2020-36-04,5466,E62HPM00,62H,P,P,E,P,M00,NO1,EHPS,4100,2020-02-06,2020-02-07,2,,8.2,,0,,,,,,
D,2020-36-04,5466,T62HO000,62H,P,P,T,O,000,NO1,####,####,2020-01-16,2020-02-07,14,,0,0,0,,,,,,
D,2020-36-04,5466,W62HOP00,62H,P,P,W,O,P00,NO1,####,####,2020-01-16,2020-01-31,9,0,0,0,0,SS,P,E,P,000,1114318506
D,2020-36-04,5466,A62HO000,62H,P,P,A,O,000,NO1,####,####,2020-01-16,2020-02-07,14,0,0,0,0,SS,P,E,P,000,1114318507
D,2020-36-04,5466,E62HP000,62H,P,P,E,P,000,NO1,EHPT,4100,2020-01-16,2020-01-31,9,0,183.4,141.8,0,SS,P,T,O,000,1114318508
D,2020-36-04,5466,E62HPG00,62H,P,P,E,P,G00,NO1,EHPF,4100,2020-01-20,2020-01-31,7,2,149.5,141.8,0,SS,P,E,P,000,1114318509
D,2020-36-04,5466,E62HPS00,62H,P,P,E,P,S00,NO1,EHPS,4100,2020-01-16,2020-01-30,8,0,25.7,,0,SS,P,E,P,000,1114318510
D,2020-36-04,5466,P62HPP00,62H,P,P,P,P,P00,NO1,PH00,6302,2020-02-03,2020-02-05,3,1,148.7,0,0,FS,P,W,O,P00,1114318511
D,2020-36-04,5466,Z63GZPI0,63G,P,P,Z,Z,PI0,NO1,ESCF,2901,2020-01-10,2020-01-16,5,0,117.7,98,0,SS,P,E,P,000,1114318512
D,2020-36-04,5466,T80CO000,80C,P,P,T,O,000,NO1,####,####,2020-02-10,2020-03-09,21,,0,0,0,,,,,,
D,2020-36-04,5466,Z63GZPR0,63G,P,P,Z,Z,PR0,NO1,ESCF,2901,2020-02-03,2020-02-03,1,1,91.4,98,0,FS,P,P,P,P00,1114318514
D,2020-36-04,5466,E63GPM00,63G,P,P,E,P,M00,NO1,EHPS,4100,2020-02-03,2020-02-04,2,,8.2,,0,,,,,,
D,2020-36-04,5466,T63GO000,63G,P,P,T,O,000,NO1,####,####,2020-01-10,2020-02-04,15,,0,0,0,,,,,,
D,2020-36-04,5466,E10APS00,10A,P,P,E,P,S00,NO1,EHPS,4100,2019-11-11,2019-11-20,8,0,27.2,,0,SS,P,E,P,000,1114318517
D,2020-36-04,5466,T62CO000,62C,P,P,T,O,000,NO1,####,####,2019-12-16,2020-01-17,22,,0,0,0,,,,,,
D,2020-36-04,5466,A13EO000,13E,P,P,A,O,000,NO1,####,####,2019-12-31,2020-02-03,20,0,0,0,0,SS,P,E,P,000,1114318519
D,2020-36-04,5466,W62COP00,62C,P,P,W,O,P00,NO1,####,####,2019-12-16,2020-01-06,13,0,0,0,0,SS,P,E,P,000,1114318520
D,2020-36-04,5466,W91AOP00,91A,P,P,W,O,P00,SHD,####,####,2019-09-30,2020-01-23,80,0,0,0,0,SS,P,E,P,000,1114318521
D,2020-36-04,5466,A62CO000,62C,P,P,A,O,000,NO1,####,####,2019-12-16,2020-01-17,22,0,0,0,0,SS,P,E,P,000,1114318522
D,2020-36-04,5466,E62CP000,62C,P,P,E,P,000,NO1,EHPT,4100,2019-12-16,2020-01-06,13,0,260.6,218,0,SS,P,T,O,000,1114318523
D,2020-36-04,5466,E62CPG00,62C,P,P,E,P,G00,NO1,EHPF,4100,2019-12-18,2020-01-06,11,2,212.9,218,0,SS,P,E,P,000,1114318524
D,2020-36-04,5466,E62CPS00,62C,P,P,E,P,S00,NO1,EHPS,4100,2019-12-16,2019-12-31,11,0,41.4,,0,SS,P,E,P,000,1114318525
D,2020-36-04,5466,U12DGP00,12D,P,P,U,G,P00,OOS,WBER,3103,2019-12-18,2019-12-30,8,-7,0,0,0,SS,P,E,P,000,1114318526
D,2020-36-04,5466,U13DGP00,13D,P,P,U,G,P00,OOS,WBER,3103,2019-12-18,2019-12-31,9,-8,0,0,0,SS,P,E,P,000,1114318527
D,2020-36-04,5466,E50LPM00,50L,P,P,E,P,M00,NO1,EHPS,4100,2020-02-10,2020-02-11,2,,10.6,,,,,,,,
D,2020-36-04,5466,A11BO000,11B,P,P,A,O,000,NO1,####,####,2019-10-02,2019-10-15,9,0,0,0,0,SS,P,E,P,000,1114318529
D,2020-36-04,5466,Z12EZPR0,12E,P,P,Z,Z,PR0,NO1,ESCF,2901,2020-01-30,2020-01-30,1,1,132,141.2,0,FS,P,P,P,P00,1114318530
D,2020-36-04,5466,E10HPG00,10H,P,P,E,P,G00,G01,EHPF,4400,2019-12-17,2020-01-10,16,2,415.1,429.3,0,SS,P,E,P,000,1114318531
D,2020-36-04,5466,Z10HZPR0,10H,P,P,Z,Z,PR0,G01,ESCF,2901,2020-01-13,2020-01-13,1,1,105.7,42.5,0,FS,P,E,P,000,1114318532
D,2020-36-04,5466,W10HOP00,10H,P,P,W,O,P00,G01,####,####,2019-12-13,2020-01-10,18,0,0,0,0,SS,P,E,P,000,1114318533
D,2020-36-04,5466,P10HPP00,10H,P,P,P,P,P00,G01,PH00,6302,2020-01-13,2020-01-13,1,1,116.5,0,0,FS,P,W,O,P00,1114318534
D,2020-36-04,5466,E10HPS00,10H,P,P,E,P,S00,G01,EHPS,4400,2019-12-13,2020-01-06,14,0,64.2,,0,SS,P,E,P,000,1114318535
D,2020-36-04,5466,T10HO000,10H,P,P,T,O,000,G01,####,####,2019-12-13,2020-01-13,19,,0,0,0,,,,,,
D,2020-36-04,5466,E10HPM00,10H,P,P,E,P,M00,G01,EHPS,4400,2020-01-10,2020-01-13,2,,16.5,,0,,,,,,
D,2020-36-04,5466,A10HO000,10H,P,P,A,O,000,G01,####,####,2019-12-13,2020-01-13,19,0,0,0,0,SS,P,E,P,000,1114318538
D,2020-36-04,5466,E62APG00,62A,P,P,E,P,G00,NO1,EHPF,4100,2019-12-27,2020-01-10,9,2,74,64.1,0,SS,P,E,P,000,1114318539
D,2020-36-04,5466,E50BPS00,50B,P,P,E,P,S00,NO1,EHPS,4100,2020-01-20,2020-01-30,6,0,30.5,,0,SS,P,E,P,000,1114318540
D,2020-36-04,5466,P50BPP00,50B,P,P,P,P,P00,NO1,PH00,6302,2020-02-04,2020-02-07,4,1,109.3,0,0,FS,P,W,O,P00,1114318541
D,2020-36-04,5466,T50BO000,50B,P,P,T,O,000,NO1,####,####,2020-01-20,2020-02-10,13,,0,0,0,,,,,,
D,2020-36-04,5466,E12DP000,12D,P,P,E,P,000,NO1,EHPT,4100,2019-12-30,2020-01-15,11,0,174.9,104.8,0,SS,P,T,O,000,1114318543
D,2020-36-04,5466,E12DPG00,12D,P,P,E,P,G00,NO1,EHPF,4100,2020-01-03,2020-01-15,9,2,121.6,104.8,0,SS,P,E,P,000,1114318544
D,2020-36-04,5466,P50HPP00,50H,P,P,P,P,P00,NO1,PH00,6302,2020-02-07,2020-02-12,4,1,104.7,0,0,FS,P,W,O,P00,1114318545
D,2020-36-04,5466,T50HO000,50H,P,P,T,O,000,NO1,####,####,2020-01-29,2020-02-14,13,,0,0,0,,,,,,
D,2020-36-04,5466,E20NP000,20N,P,P,E,P,000,NO1,EHPT,4100,2020-01-23,2020-02-25,21,0,851.2,681.2,0,SS,P,T,O,000,1114318547
D,2020-36-04,5466,T20NO000,20N,P,P,T,O,000,NO1,####,####,2020-01-23,2020-03-05,28,,0,0,0,,,,,,
D,2020-36-04,5466,W50NOP00,50N,P,P,W,O,P00,NO1,####,####,2020-01-22,2020-01-31,5,0,0,0,0,SS,P,E,P,000,1114318549
D,2020-36-04,5466,P10APP00,10A,P,P,P,P,P00,NO1,PH00,6302,2019-11-29,2019-12-05,5,1,72.5,0,0,FS,P,W,O,P00,1114318550
D,2020-36-04,5466,T10AO000,10A,P,P,T,O,000,NO1,####,####,2019-11-11,2019-12-06,20,,0,0,0,,,,,,
D,2020-36-04,5466,P50GPP00,50G,P,P,P,P,P00,NO1,PH00,6302,2020-02-04,2020-02-07,4,1,118.9,0,0,FS,P,W,O,P00,1114318552
D,2020-36-04,5466,A23AO000,23A,P,P,A,O,000,NO1,####,####,2019-12-09,2020-01-10,22,0,0,0,0,SS,P,E,P,000,1114318553
D,2020-36-04,5466,E23AP000,23A,P,P,E,P,000,NO1,EHPT,4100,2019-12-09,2019-12-30,15,0,271,223,0,SS,P,T,O,000,1114318554
D,2020-36-04,5466,E23APG00,23A,P,P,E,P,G00,NO1,EHPF,4100,2019-12-11,2019-12-30,13,2,224.9,223,0,SS,P,E,P,000,1114318555
D,2020-36-04,5466,E23APS00,23A,P,P,E,P,S00,NO1,EHPS,4100,2019-12-09,2019-12-23,11,0,36.3,,0,SS,P,E,P,000,1114318556
D,2020-36-04,5466,T50CO000,50C,P,P,T,O,000,NO1,####,####,2019-12-26,2020-01-21,17,,0,0,0,,,,,,
D,2020-36-04,5466,W50COP00,50C,P,P,W,O,P00,NO1,####,####,2019-12-26,2020-01-10,10,0,0,0,0,SS,P,E,P,000,1114318558
D,2020-36-04,5466,T431O000,431,P,N,T,O,000,NO1,####,####,2019-09-02,2019-09-09,6,,0,0,0,,,,,,
D,2020-36-04,5466,P62EPP00,62E,P,P,P,P,P00,NO1,PH00,6302,2020-01-14,2020-01-16,3,1,164.7,0,0,FS,P,W,O,P00,1114318560
D,2020-36-04,5466,Z63EZPI0,63E,P,P,Z,Z,PI0,NO1,ESCF,2901,2019-12-19,2019-12-26,5,0,87.4,72.7,0,SS,P,E,P,000,1114318561
D,2020-36-04,5466,Z63EZPR0,63E,P,P,Z,Z,PR0,NO1,ESCF,2901,2020-01-17,2020-01-17,1,1,68,72.7,0,FS,P,P,P,P00,1114318562
D,2020-36-04,5466,T91AO000,91A,P,P,T,O,000,SHD,####,####,2019-09-30,2020-02-11,90,,0,0,0,,,,,,
D,2020-36-04,5466,E63EPM00,63E,P,P,E,P,M00,NO1,EHPS,4100,2020-01-22,2020-01-23,2,,7.8,,0,,,,,,
D,2020-36-04,5466,T63EO000,63E,P,P,T,O,000,NO1,####,####,2019-12-19,2020-01-23,23,,0,0,0,,,,,,
D,2020-36-04,5466,W63EOP00,63E,P,P,W,O,P00,NO1,####,####,2019-12-19,2020-01-13,15,0,0,0,0,SS,P,E,P,000,1114318566
D,2020-36-04,5466,E80CPM00,80C,P,P,E,P,M00,NO1,EHPS,4100,2020-03-06,2020-03-09,2,,5.6,,,,,,,,
D,2020-36-04,5466,E91APM00,91A,P,P,E,P,M00,SHD,EDPS,9020,2020-02-10,2020-02-11,2,,7,,,,,,,,
D,2020-36-04,5466,E62EPS00,62E,P,P,E,P,S00,NO1,EHPS,4100,2019-12-18,2020-01-03,10,0,17.6,,0,SS,P,E,P,000,1114318569
D,2020-36-04,5466,A63EO000,63E,P,P,A,O,000,NO1,####,####,2019-12-19,2020-01-23,23,0,0,0,0,SS,P,E,P,000,1114318570
D,2020-36-04,5466,E63EP000,63E,P,P,E,P,000,NO1,EHPT,4100,2019-12-19,2020-01-13,15,0,92.4,64.8,0,SS,P,T,O,000,1114318571
D,2020-36-04,5466,E63EPG00,63E,P,P,E,P,G00,NO1,EHPF,4100,2019-12-23,2020-01-13,13,2,67,64.8,0,SS,P,E,P,000,1114318572
D,2020-36-04,5466,E63EPS00,63E,P,P,E,P,S00,NO1,EHPS,4100,2019-12-19,2020-01-03,9,0,17.6,,0,SS,P,E,P,000,1114318573
D,2020-36-04,5466,P63EPP00,63E,P,P,P,P,P00,NO1,PH00,6302,2020-01-14,2020-01-16,3,1,164.7,0,0,FS,P,W,O,P00,1114318574
D,2020-36-04,5466,E10CPS00,10C,P,P,E,P,S00,NO1,EHPS,4100,2019-11-27,2019-12-05,7,0,42.3,,0,SS,P,E,P,000,1114318575
D,2020-36-04,5466,P10CPP00,10C,P,P,P,P,P00,NO1,PH00,6302,2019-12-16,2019-12-18,3,1,100.8,0,0,FS,P,W,O,P00,1114318576
D,2020-36-04,5466,E62GPS00,62G,P,P,E,P,S00,NO1,EHPS,4100,2020-01-10,2020-01-21,8,0,24.7,,0,SS,P,E,P,000,1114318577
D,2020-36-04,5466,P62GPP00,62G,P,P,P,P,P00,NO1,PH00,6302,2020-01-29,2020-01-31,3,1,153.2,0,0,FS,P,W,O,P00,1114318578
D,2020-36-04,5466,Z62HZPI0,62H,P,P,Z,Z,PI0,NO1,ESCF,2901,2020-01-16,2020-01-21,4,0,184.5,153.3,0,SS,P,E,P,000,1114318579
D,2020-36-04,5466,Z13EZPI0,13E,P,P,Z,Z,PI0,NO1,ESCF,2901,2019-12-31,2020-01-10,7,0,386.7,307.5,0,SS,P,E,P,000,1114318580
D,2020-36-04,5466,Z50HZPR0,50H,P,P,Z,Z,PR0,NO1,ESCF,2901,2020-02-13,2020-02-13,1,1,6.9,7.5,0,FS,P,P,P,P00,1114318581
D,2020-36-04,5466,Z63CZPI0,63C,P,P,Z,Z,PI0,NO1,ESCF,2901,2019-12-16,2019-12-24,7,0,177.7,148.2,0,SS,P,E,P,000,1114318582
D,2020-36-04,5466,Z63CZPR0,63C,P,P,Z,Z,PR0,NO1,ESCF,2901,2020-01-10,2020-01-10,1,1,93.1,99.3,0,FS,P,P,P,P00,1114318583
D,2020-36-04,5466,E23BP000,23B,P,P,E,P,000,NO1,EHPT,4100,2019-12-09,2019-12-31,16,0,200.3,168.1,0,SS,P,T,O,000,1114318584
D,2020-36-04,5466,Z20NZPR0,20N,P,P,Z,Z,PR0,NO1,ESCF,2901,2020-03-03,2020-03-03,1,1,311.3,324.2,0,FS,P,P,P,P00,1114318585
D,2020-36-04,5466,Z23AZPI0,23A,P,P,Z,Z,PI0,NO1,ESCF,2901,2019-12-09,2019-12-17,7,0,237.1,197.5,0,SS,P,E,P,000,1114318586
D,2020-36-04,5466,Z62DZPR0,62D,P,P,Z,Z,PR0,NO1,ESCF,2901,2020-01-15,2020-01-15,1,1,64,68.7,0,FS,P,P,P,P00,1114318587
D,2020-36-04,5466,E62DPM00,62D,P,P,E,P,M00,NO1,EHPS,4100,2020-01-16,2020-01-17,2,,8,,0,,,,,,
D,2020-36-04,5466,T62DO000,62D,P,P,T,O,000,NO1,####,####,2019-12-23,2020-01-17,17,,0,0,0,,,,,,
D,2020-36-04,5466,W62DOP00,62D,P,P,W,O,P00,NO1,####,####,2019-12-23,2020-01-09,11,0,0,0,0,SS,P,E,P,000,1114318590
D,2020-36-04,5466,A62DO000,62D,P,P,A,O,000,NO1,####,####,2019-12-23,2020-01-17,17,0,0,0,0,SS,P,E,P,000,1114318591
D,2020-36-04,5466,E62DP000,62D,P,P,E,P,000,NO1,EHPT,4100,2019-12-23,2020-01-09,11,0,143.7,111.2,0,SS,P,T,O,000,1114318592
D,2020-36-04,5466,E50MP000,50M,P,P,E,P,000,NO1,EHPT,4100,2020-01-22,2020-02-04,7,0,66,35.1,0,SS,P,T,O,000,1114318593
D,2020-36-04,5466,A91AO000,91A,P,P,A,O,000,SHD,####,####,2019-09-30,2020-02-11,90,0,0,0,0,SS,P,E,P,000,1114318594
D,2020-36-04,5466,E20JPM00,20J,P,P,E,P,M00,NPE,EHPS,4400,2020-03-02,2020-03-03,2,-2,27.7,,0,SS,D,Z,Z,DI0,1114318595
D,2020-36-04,5466,E62APS00,62A,P,P,E,P,S00,NO1,EHPS,4100,2019-12-24,2020-01-06,7,0,17.5,,0,SS,P,E,P,000,1114318596
D,2020-36-04,5466,P62APP00,62A,P,P,P,P,P00,NO1,PH00,6302,2020-01-13,2020-01-17,5,1,93.7,0,0,FS,P,W,O,P00,1114318597
D,2020-36-04,5466,T62AO000,62A,P,P,T,O,000,NO1,####,####,2019-12-24,2020-01-29,21,,0,0,0,,,,,,
D,2020-36-04,5466,W62AOP00,62A,P,P,W,O,P00,NO1,####,####,2019-12-24,2020-01-10,11,0,0,0,0,SS,P,E,P,000,1114318599
D,2020-36-04,5466,A63AO000,63A,P,P,A,O,000,NO1,####,####,2019-12-24,2020-01-29,21,0,0,0,0,SS,P,E,P,000,1114318600
D,2020-36-04,5466,E22AP000,22A,P,P,E,P,000,NO1,EHPT,4100,2019-12-09,2019-12-30,15,0,273.3,224.5,0,SS,P,T,O,000,1114318601
D,2020-36-04,5466,E22APG00,22A,P,P,E,P,G00,NO1,EHPF,4100,2019-12-11,2019-12-30,13,2,224.4,224.5,0,SS,P,E,P,000,1114318602
D,2020-36-04,5466,Z23AZPR0,23A,P,P,Z,Z,PR0,NO1,ESCF,2901,2020-01-07,2020-01-07,1,1,117.1,124.5,0,FS,P,P,P,P00,1114318603
D,2020-36-04,5466,T50NO000,50N,P,P,T,O,000,NO1,####,####,2020-01-22,2020-02-10,11,,0,0,0,,,,,,
D,2020-36-04,5466,T23BO000,23B,P,P,T,O,000,NO1,####,####,2019-12-09,2020-01-10,22,,0,0,0,,,,,,
D,2020-36-04,5466,T90AO000,90A,P,P,T,O,000,SHD,####,####,2019-09-23,2020-02-10,94,,0,0,0,,,,,,
D,2020-36-04,5466,T50GO000,50G,P,P,T,O,000,NO1,####,####,2020-01-21,2020-02-10,12,,0,0,0,,,,,,
D,2020-36-04,5466,W50GOP00,50G,P,P,W,O,P00,NO1,####,####,2020-01-21,2020-02-03,7,0,0,0,0,SS,P,E,P,000,1114318608
D,2020-36-04,5466,E63GPG00,63G,P,P,E,P,G00,NO1,EHPF,4100,2020-01-14,2020-01-23,8,2,120.8,117.5,0,SS,P,E,P,000,1114318609
D,2020-36-04,5466,W63GOP00,63G,P,P,W,O,P00,NO1,####,####,2020-01-10,2020-01-23,10,0,0,0,0,SS,P,E,P,000,1114318610
D,2020-36-04,5466,E63GPS00,63G,P,P,E,P,S00,NO1,EHPS,4100,2020-01-10,2020-01-22,9,0,24.7,,0,SS,P,E,P,000,1114318611
D,2020-36-04,5466,A63GO000,63G,P,P,A,O,000,NO1,####,####,2020-01-10,2020-02-04,15,0,0,0,0,SS,P,E,P,000,1114318612
D,2020-36-04,5466,E63GP000,63G,P,P,E,P,000,NO1,EHPT,4100,2020-01-10,2020-01-23,10,0,153.7,117.5,0,SS,P,T,O,000,1114318613
D,2020-36-04,5466,P63GPP00,63G,P,P,P,P,P00,NO1,PH00,6302,2020-01-29,2020-01-31,3,1,153.2,0,0,FS,P,W,O,P00,1114318614
D,2020-36-04,5466,Z63HZPI0,63H,P,P,Z,Z,PI0,NO1,ESCF,2901,2020-01-16,2020-01-21,4,0,184.5,153.3,0,SS,P,E,P,000,1114318615
D,2020-36-04,5466,Z63HZPR0,63H,P,P,Z,Z,PR0,NO1,ESCF,2901,2020-02-06,2020-02-06,1,1,97.7,104.5,0,FS,P,P,P,P00,1114318616
D,2020-36-04,5466,E63HPM00,63H,P,P,E,P,M00,NO1,EHPS,4100,2020-02-06,2020-02-07,2,,8.2,,0,,,,,,
D,2020-36-04,5466,T63HO000,63H,P,P,T,O,000,NO1,####,####,2020-01-16,2020-02-07,14,,0,0,0,,,,,,
D,2020-36-04,5466,W63HOP00,63H,P,P,W,O,P00,NO1,####,####,2020-01-16,2020-01-31,9,0,0,0,0,SS,P,E,P,000,1114318619
D,2020-36-04,5466,A63HO000,63H,P,P,A,O,000,NO1,####,####,2020-01-16,2020-02-07,14,0,0,0,0,SS,P,E,P,000,1114318620
D,2020-36-04,5466,E63HP000,63H,P,P,E,P,000,NO1,EHPT,4100,2020-01-16,2020-01-31,9,0,183.4,141.8,0,SS,P,T,O,000,1114318621
D,2020-36-04,5466,E63HPG00,63H,P,P,E,P,G00,NO1,EHPF,4100,2020-01-20,2020-01-31,7,2,149.5,141.8,0,SS,P,E,P,000,1114318622
D,2020-36-04,5466,Z12DZPR0,12D,P,P,Z,Z,PR0,NO1,ESCF,2901,2020-01-22,2020-01-22,1,1,143.4,152.7,0,FS,P,P,P,P00,1114318623
D,2020-36-04,5466,Z50KZPI0,50K,P,P,Z,Z,PI0,NPE,ESCF,2901,2020-01-15,2020-01-16,2,0,0,0,0,SS,P,E,P,000,1114318624
D,2020-36-04,5466,Z50KZPR0,50K,P,P,Z,Z,PR0,NPE,ESCF,2901,2020-02-04,2020-02-04,1,1,0,0,0,FS,P,P,P,P00,1114318625
D,2020-36-04,5466,E63AP000,63A,P,P,E,P,000,NO1,EHPT,4100,2019-12-24,2020-01-10,11,0,101.8,64.1,0,SS,P,T,O,000,1114318626
D,2020-36-04,5466,E63APG00,63A,P,P,E,P,G00,NO1,EHPF,4100,2019-12-27,2020-01-10,9,2,74,64.1,0,SS,P,E,P,000,1114318627
D,2020-36-04,5466,E63APS00,63A,P,P,E,P,S00,NO1,EHPS,4100,2019-12-24,2020-01-07,8,0,17.5,,0,SS,P,E,P,000,1114318628
D,2020-36-04,5466,W50AOP00,50A,P,P,W,O,P00,NO1,####,####,2020-01-16,2020-01-23,6,0,0,0,0,SS,P,E,P,000,1114318629
D,2020-36-04,5466,A50BO000,50B,P,P,A,O,000,NO1,####,####,2020-01-20,2020-02-10,13,0,0,0,0,SS,P,E,P,000,1114318630
D,2020-36-04,5466,E13EPG00,13E,P,P,E,P,G00,NO1,EHPF,4100,2020-01-06,2020-01-22,13,2,396.5,401,0,SS,P,E,P,000,1114318631
D,2020-36-04,5466,T12EO000,12E,P,P,T,O,000,NO1,####,####,2019-12-26,2020-02-03,23,,0,0,0,,,,,,
D,2020-36-04,5466,W12EOP00,12E,P,P,W,O,P00,NO1,####,####,2019-12-26,2020-01-20,16,0,0,0,0,SS,P,E,P,000,1114318633
D,2020-36-04,5466,P50MPP00,50M,P,P,P,P,P00,NO1,PH00,6302,2020-02-05,2020-02-10,4,1,79.1,0,0,FS,P,W,O,P00,1114318634
D,2020-36-04,5466,Z62FZPI0,62F,P,P,Z,Z,PI0,NO1,ESCF,2901,2019-12-26,2019-12-31,4,0,138.8,115.5,0,SS,P,E,P,000,1114318635
D,2020-36-04,5466,Z62FZPR0,62F,P,P,Z,Z,PR0,NO1,ESCF,2901,2020-01-22,2020-01-22,1,1,62.8,66.7,0,FS,P,P,P,P00,1114318636
D,2020-36-04,5466,E62FPM00,62F,P,P,E,P,M00,NO1,EHPS,4100,2020-01-29,2020-01-30,2,,8.7,,0,,,,,,
D,2020-36-04,5466,T62FO000,62F,P,P,T,O,000,NO1,####,####,2019-12-26,2020-01-30,21,,0,0,0,,,,,,
D,2020-36-04,5466,W62FOP00,62F,P,P,W,O,P00,NO1,####,####,2019-12-26,2020-01-16,14,0,0,0,0,SS,P,E,P,000,1114318639
D,2020-36-04,5466,A62FO000,62F,P,P,A,O,000,NO1,####,####,2019-12-26,2020-01-30,21,0,0,0,0,SS,P,E,P,000,1114318640
D,2020-36-04,5466,E62FP000,62F,P,P,E,P,000,NO1,EHPT,4100,2019-12-26,2020-01-16,14,0,195.7,152.3,0,SS,P,T,O,000,1114318641
