PROJECTNO,PREVACTIVITYCODE,NEXTACTIVITYCODE,LOCATIONCODE,LAG,LOCATIONTYPE,RELATIONTYPE
5466,W105ON00,A105O000,105,-66,P,SS
5466,W107ON00,A107O000,107,-50,P,SS
5466,E10AP000,Z10AZPI0,10A,0,P,SS
5466,E10CP000,A10CO000,10C,0,P,SS
5466,E10FP000,A10FO000,10F,0,P,SS
5466,E10HP000,A10HO000,10H,0,P,SS
5466,E11AP000,A11AO000,11A,0,P,SS
5466,E11BP000,E11BPS00,11B,0,P,SS
5466,E11HP000,A11HO000,11H,0,P,SS
5466,E12DP000,A12DO000,12D,0,P,SS
5466,E12EP000,A12EO000,12E,0,P,SS
5466,E13DP000,A13DO000,13D,0,P,SS
5466,E13EP000,A13EO000,13E,0,P,SS
5466,E20JP000,A20JO000,20J,0,P,SS
5466,E20KP000,A20KO000,20K,0,P,SS
5466,E20LP000,A20LO000,20L,0,P,SS
5466,E20MP000,A20MO000,20M,0,P,SS
5466,E20NP000,A20NO000,20N,0,P,SS
5466,E22AP000,A22AO000,22A,0,P,SS
5466,E22BP000,A22BO000,22B,0,P,SS
5466,E23AP000,A23AO000,23A,0,P,SS
5466,E23BP000,A23BO000,23B,0,P,SS
5466,W421ON00,A421O000,421,-60,P,SS
5466,W431ON00,A431O000,431,-60,P,SS
5466,E50AP000,A50AO000,50A,0,P,SS
5466,E50BP000,A50BO000,50B,0,P,SS
5466,E50CP000,A50CO000,50C,0,P,SS
5466,E50DP000,E50DPG00,50D,0,P,SS
5466,E50EP000,A50EO000,50E,0,P,SS
5466,E50FP000,A50FO000,50F,0,P,SS
5466,E50GP000,A50GO000,50G,0,P,SS
5466,E50HP000,A50HO000,50H,0,P,SS
5466,E50JP000,A50JO000,50J,0,P,SS
5466,E50KP000,A50KO000,50K,0,P,SS
5466,E50LP000,A50LO000,50L,0,P,SS
5466,E50MP000,A50MO000,50M,0,P,SS
5466,E50NP000,A50NO000,50N,0,P,SS
5466,E62AP000,A62AO000,62A,0,P,SS
5466,E62CP000,A62CO000,62C,0,P,SS
5466,E62DP000,A62DO000,62D,0,P,SS
5466,E62EP000,A62EO000,62E,0,P,SS
5466,E62FP000,A62FO000,62F,0,P,SS
5466,E62GP000,A62GO000,62G,0,P,SS
5466,E62HP000,A62HO000,62H,0,P,SS
5466,E63AP000,A63AO000,63A,0,P,SS
5466,E63CP000,A63CO000,63C,0,P,SS
5466,E63DP000,A63DO000,63D,0,P,SS
5466,E63EP000,A63EO000,63E,0,P,SS
5466,E63FP000,A63FO000,63F,0,P,SS
5466,E63GP000,A63GO000,63G,0,P,SS
5466,E63HP000,A63HO000,63H,0,P,SS
5466,E80AP000,A80AO000,80A,0,P,SS
5466,E80BP000,A80BO000,80B,0,P,SS
5466,E80CP000,A80CO000,80C,0,P,SS
5466,E80DP000,A80DO000,80D,0,P,SS
5466,E90AP000,A90AO000,90A,0,P,SS
5466,E91AP000,A91AO000,91A,0,P,SS
5466,S101A000,C101CC00,101,-7,B,SS
5466,C101CC00,C101CP00,101,-1,B,SS
5466,S102A000,W102GS00,102,0,B,SS
5466,C102CC00,C102CP00,102,-1,B,SS
5466,S104A000,W104GS00,104,0,B,SS
5466,C104CC00,C104CP00,104,-1,B,SS
5466,S105A000,W105GS00,105,0,B,SS
5466,C105CC00,C105CP00,105,-1,B,SS
5466,S106A000,C106CC00,106,-7,B,SS
5466,C106CC00,C106CP00,106,-1,B,SS
5466,C107CC00,C107CP00,107,-1,B,SS
5466,S107A000,C107CC00,107,-7,B,SS
5466,S108A000,C108CC00,108,-7,B,SS
5466,C108CC00,C108CP00,108,-1,B,SS
5466,S109A000,C109CC00,109,-7,B,SS
5466,C109CC00,C109CP00,109,-1,B,SS
5466,S110A000,C110CC00,110,-7,B,SS
5466,C110CC00,C110CP00,110,-1,B,SS
5466,S111A000,C111CC00,111,-7,B,SS
5466,C111CC00,C111CP00,111,-1,B,SS
5466,S113A000,C113CC00,113,-7,B,SS
5466,C113CC00,C113CP00,113,-1,B,SS
5466,S121A000,C121CC00,121,-7,B,SS
5466,C121CC00,C121CP00,121,-1,B,SS
5466,S122A000,C122CC00,122,-8,B,SS
5466,C122CC00,C122CP00,122,-1,B,SS
5466,S123A000,C123CC00,123,-7,B,SS
5466,C123CC00,C123CP00,123,-1,B,SS
5466,S124A000,C124CC00,124,-7,B,SS
5466,C124CC00,C124CP00,124,-1,B,SS
5466,S125A000,C125CC00,125,-7,B,SS
5466,C125CC00,C125CP00,125,-1,B,SS
5466,S131A000,C131CC00,131,-7,B,SS
5466,C131CC00,C131CP00,131,-1,B,SS
5466,S132A000,C132CC00,132,-7,B,SS
5466,C132CC00,C132CP00,132,-1,B,SS
5466,S133A000,C133CC00,133,-9,B,SS
5466,C133CC00,C133CP00,133,-1,B,SS
5466,S134A000,C134CC00,134,-8,B,SS
5466,C134CC00,C134CP00,134,-1,B,SS
5466,S135A000,C135CC00,135,-7,B,SS
5466,C135CC00,C135CP00,135,-1,B,SS
5466,S142A000,C142CC00,142,-12,B,SS
5466,C142CC00,C142CP00,142,-1,B,SS
5466,S143A000,C143CC00,143,-7,B,SS
5466,C143CC00,C143CP00,143,-1,B,SS
5466,S144A000,C144CC00,144,-7,B,SS
5466,C144CC00,C144CP00,144,-1,B,SS
5466,S145A000,C145CC00,145,-7,B,SS
5466,C145CC00,C145CP00,145,-1,B,SS
5466,S152A000,C152CC00,152,-7,B,SS
5466,C152CC00,C152CP00,152,-1,B,SS
5466,S153A000,C153CC00,153,-15,B,SS
5466,C153CC00,C153CP00,153,-1,B,SS
5466,S154A000,C154CC00,154,-10,B,SS
5466,C154CC00,C154CP00,154,-1,B,SS
5466,S155A000,C155CC00,155,-8,B,SS
5466,C155CC00,C155CP00,155,-1,B,SS
5466,S161A000,C161CC00,161,-7,B,SS
5466,C161CC00,C161CP00,161,-1,B,SS
5466,S171A000,C171CC00,171,-11,B,SS
5466,C171CC00,C171CP00,171,-1,B,SS
5466,S182A000,C182CC00,182,-18,B,SS
5466,C182CC00,C182CP00,182,-1,B,SS
5466,S183A000,C183CC00,183,-7,B,SS
5466,C183CC00,C183CP00,183,-1,B,SS
5466,S192A000,C192CC00,192,-7,B,SS
5466,C192CC00,C192CP00,192,-1,B,SS
5466,S193A000,C193CC00,193,-7,B,SS
5466,C193CC00,C193CP00,193,-1,B,SS
5466,S203A000,C203CC00,203,-7,B,SS
5466,C203CC00,C203CP00,203,-1,B,SS
5466,S204A000,C204CC00,204,-7,B,SS
5466,C204CC00,C204CP00,204,-1,B,SS
5466,S205A000,C205CC00,205,-7,B,SS
5466,C205CC00,C205CP00,205,-1,B,SS
5466,S206A000,C206CC00,206,-7,B,SS
5466,C206CC00,C206CP00,206,-1,B,SS
5466,S207A000,C207CC00,207,-7,B,SS
5466,C207CC00,C207CP00,207,-1,B,SS
5466,S208A000,C208CC00,208,-7,B,SS
5466,C208CC00,C208CP00,208,-1,B,SS
5466,S209A000,C209CC00,209,-7,B,SS
5466,C209CC00,C209CP00,209,-1,B,SS
5466,S211A000,C211CC00,211,-7,B,SS
5466,C211CC00,C211CP00,211,-1,B,SS
5466,S212A000,C212CC00,212,-7,B,SS
5466,C212CC00,C212CP00,212,-1,B,SS
5466,S221A000,C221CC00,221,-7,B,SS
5466,C221CC00,C221CP00,221,-1,B,SS
5466,S222A000,C222CC00,222,-7,B,SS
5466,C222CC00,C222CP00,222,-1,B,SS
5466,S223A000,C223CC00,223,-7,B,SS
5466,C223CC00,C223CP00,223,-1,B,SS
5466,S224A000,C224CC00,224,-7,B,SS
5466,C224CC00,C224CP00,224,-1,B,SS
5466,S225A000,C225CC00,225,-7,B,SS
5466,C225CC00,C225CP00,225,-1,B,SS
5466,S226A000,C226CC00,226,-7,B,SS
5466,C226CC00,C226CP00,226,-1,B,SS
5466,S227A000,C227CC00,227,-7,B,SS
5466,C227CC00,C227CP00,227,-1,B,SS
5466,S228A000,C228CC00,228,-7,B,SS
5466,C228CC00,C228CP00,228,-1,B,SS
5466,S229A000,C229CC00,229,-7,B,SS
5466,C229CC00,C229CP00,229,-1,B,SS
5466,S231A000,C231CC00,231,-7,B,SS
5466,C231CC00,C231CP00,231,-1,B,SS
5466,S232A000,C232CC00,232,-7,B,SS
5466,C232CC00,C232CP00,232,-1,B,SS
5466,S233A000,C233CC00,233,-7,B,SS
5466,C233CC00,C233CP00,233,-1,B,SS
5466,S234A000,C234CC00,234,-9,B,SS
5466,C234CC00,C234CP00,234,-1,B,SS
5466,S235A000,C235CC00,235,-7,B,SS
5466,C235CC00,C235CP00,235,-1,B,SS
5466,S236A000,C236CC00,236,-7,B,SS
5466,C236CC00,C236CP00,236,-1,B,SS
5466,S237A000,C237CC00,237,-7,B,SS
5466,C237CC00,C237CP00,237,-1,B,SS
5466,S238A000,C238CC00,238,-7,B,SS
5466,C238CC00,C238CP00,238,-1,B,SS
5466,S239A000,C239CC00,239,-7,B,SS
5466,C239CC00,C239CP00,239,-1,B,SS
5466,S241A000,C241CC00,241,-7,B,SS
5466,C241CC00,C241CP00,241,-1,B,SS
5466,S242A000,C242CC00,242,-8,B,SS
5466,C242CC00,C242CP00,242,-1,B,SS
5466,S243A000,C243CC00,243,-7,B,SS
5466,C243CC00,C243CP00,243,-1,B,SS
5466,S244A000,C244CC00,244,-7,B,SS
5466,C244CC00,C244CP00,244,-1,B,SS
5466,S251A000,C251CC00,251,-7,B,SS
5466,C251CC00,C251CP00,251,-1,B,SS
5466,S252A000,C252CC00,252,-7,B,SS
5466,C252CC00,C252CP00,252,-1,B,SS
5466,S253A000,C253CC00,253,-7,B,SS
5466,C253CC00,C253CP00,253,-1,B,SS
5466,S254A000,C254CC00,254,-7,B,SS
5466,C254CC00,C254CP00,254,-1,B,SS
5466,S261A000,C261CC00,261,-7,B,SS
5466,C261CC00,C261CP00,261,-1,B,SS
5466,S262A000,C262CC00,262,-7,B,SS
5466,C262CC00,C262CP00,262,-1,B,SS
5466,S263A000,C263CC00,263,-8,B,SS
5466,C263CC00,C263CP00,263,-1,B,SS
5466,S271A000,C271CC00,271,-9,B,SS
5466,C271CC00,C271CP00,271,-1,B,SS
5466,S272A000,C272CC00,272,-7,B,SS
5466,C272CC00,C272CP00,272,-1,B,SS
5466,S273A000,C273CC00,273,-7,B,SS
5466,C273CC00,C273CP00,273,-1,B,SS
5466,S283A000,C283CC00,283,-7,B,SS
5466,C283CC00,C283CP00,283,-1,B,SS
5466,S284A000,C284CC00,284,-7,B,SS
5466,C284CC00,C284CP00,284,-1,B,SS
5466,S293A000,C293CC00,293,-7,B,SS
5466,C293CC00,C293CP00,293,-1,B,SS
5466,S294A000,C294CC00,294,-7,B,SS
5466,C294CC00,C294CP00,294,-1,B,SS
5466,C421CC00,C421CP00,421,-1,B,SS
5466,S421A000,C421CC00,421,-7,B,SS
5466,S423A000,C423CC00,423,-7,B,SS
5466,C423CC00,C423CP00,423,-1,B,SS
5466,S424A000,C424CC00,424,-7,B,SS
5466,C424CC00,C424CP00,424,-1,B,SS
5466,S426A000,C426CC00,426,-7,B,SS
5466,C426CC00,C426CP00,426,-1,B,SS
5466,S427A000,C427CC00,427,-7,B,SS
5466,C427CC00,C427CP00,427,-1,B,SS
5466,S428A000,C428CC00,428,-7,B,SS
5466,C428CC00,C428CP00,428,-1,B,SS
5466,C431CC00,C431CP00,431,-1,B,SS
5466,S431A000,C431CC00,431,-8,B,SS
5466,S433A000,C433CC00,433,-7,B,SS
5466,C433CC00,C433CP00,433,-1,B,SS
5466,S434A000,C434CC00,434,-7,B,SS
5466,C434CC00,C434CP00,434,-1,B,SS
5466,S436A000,C436CC00,436,-7,B,SS
5466,C436CC00,C436CP00,436,-1,B,SS
5466,S437A000,C437CC00,437,-7,B,SS
5466,C437CC00,C437CP00,437,-1,B,SS
5466,S438A000,C438CC00,438,-7,B,SS
5466,C438CC00,C438CP00,438,-1,B,SS
5466,S441A000,C441CC00,441,-7,B,SS
5466,C441CC00,C441CP00,441,-1,B,SS
5466,S442A000,C442CC00,442,-7,B,SS
5466,C442CC00,C442CP00,442,-1,B,SS
5466,S443A000,C443CC00,443,-7,B,SS
5466,C443CC00,C443CP00,443,-1,B,SS
5466,S451A000,C451CC00,451,-7,B,SS
5466,C451CC00,C451CP00,451,-1,B,SS
5466,S452A000,C452CC00,452,-7,B,SS
5466,C452CC00,C452CP00,452,-1,B,SS
5466,S453A000,C453CC00,453,-7,B,SS
5466,C453CC00,C453CP00,453,-1,B,SS
5466,S521A000,C521CC00,521,-7,B,SS
5466,C521CC00,C521CP00,521,-1,B,SS
5466,S522A000,C522CC00,522,-7,B,SS
5466,C522CC00,C522CP00,522,-1,B,SS
5466,S523A000,C523CC00,523,-7,B,SS
5466,C523CC00,C523CP00,523,-1,B,SS
5466,S524A000,C524CC00,524,-7,B,SS
5466,C524CC00,C524CP00,524,-1,B,SS
5466,S525A000,C525CC00,525,-7,B,SS
5466,C525CC00,C525CP00,525,-1,B,SS
5466,S526A000,C526CC00,526,-7,B,SS
5466,C526CC00,C526CP00,526,-1,B,SS
5466,S527A000,C527CC00,527,-7,B,SS
5466,C527CC00,C527CP00,527,-1,B,SS
5466,S528A000,C528CC00,528,-7,B,SS
5466,C528CC00,C528CP00,528,-1,B,SS
5466,S529A000,C529CC00,529,-7,B,SS
5466,C529CC00,C529CP00,529,-1,B,SS
5466,S531A000,C531CC00,531,-8,B,SS
5466,C531CC00,C531CP00,531,-1,B,SS
5466,S532A000,C532CC00,532,-7,B,SS
5466,C532CC00,C532CP00,532,-1,B,SS
5466,S533A000,C533CC00,533,-8,B,SS
5466,C533CC00,C533CP00,533,-1,B,SS
5466,S534A000,C534CC00,534,-9,B,SS
5466,C534CC00,C534CP00,534,-1,B,SS
5466,S535A000,C535CC00,535,-7,B,SS
5466,C535CC00,C535CP00,535,-1,B,SS
5466,S536A000,C536CC00,536,-7,B,SS
5466,C536CC00,C536CP00,536,-1,B,SS
5466,S537A000,C537CC00,537,-7,B,SS
5466,C537CC00,C537CP00,537,-1,B,SS
5466,S538A000,C538CC00,538,-7,B,SS
5466,C538CC00,C538CP00,538,-1,B,SS
5466,S539A000,C539CC00,539,-7,B,SS
5466,C539CC00,C539CP00,539,-1,B,SS
5466,S541A000,C541CC00,541,-7,B,SS
5466,C541CC00,C541CP00,541,-1,B,SS
5466,S542A000,C542CC00,542,-7,B,SS
5466,C542CC00,C542CP00,542,-1,B,SS
5466,S543A000,C543CC00,543,-7,B,SS
5466,C543CC00,C543CP00,543,-1,B,SS
5466,S544A000,C544CC00,544,-8,B,SS
5466,C544CC00,C544CP00,544,-1,B,SS
5466,S551A000,C551CC00,551,-7,B,SS
5466,C551CC00,C551CP00,551,-1,B,SS
5466,S552A000,C552CC00,552,-7,B,SS
5466,C552CC00,C552CP00,552,-1,B,SS
5466,S553A000,C553CC00,553,-7,B,SS
5466,C553CC00,C553CP00,553,-1,B,SS
5466,S554A000,C554CC00,554,-7,B,SS
5466,C554CC00,C554CP00,554,-1,B,SS
5466,S561A000,C561CC00,561,-7,B,SS
5466,C561CC00,C561CP00,561,-1,B,SS
5466,S571A000,C571CC00,571,-7,B,SS
5466,C571CC00,C571CP00,571,-1,B,SS
5466,S621A000,C621CC00,621,-7,B,SS
5466,C621CC00,C621CP00,621,-1,B,SS
5466,S622A000,C622CC00,622,-7,B,SS
5466,C622CC00,C622CP00,622,-1,B,SS
5466,S623A000,C623CC00,623,-7,B,SS
5466,C623CC00,C623CP00,623,-1,B,SS
5466,S624A000,C624CC00,624,-7,B,SS
5466,C624CC00,C624CP00,624,-1,B,SS
5466,S625A000,C625CC00,625,-7,B,SS
5466,C625CC00,C625CP00,625,-1,B,SS
5466,S626A000,C626CC00,626,-7,B,SS
5466,C626CC00,C626CP00,626,-1,B,SS
5466,S627A000,C627CC00,627,-7,B,SS
5466,C627CC00,C627CP00,627,-1,B,SS
5466,S628A000,C628CC00,628,-7,B,SS
5466,C628CC00,C628CP00,628,-1,B,SS
5466,S629A000,C629CC00,629,-7,B,SS
5466,C629CC00,C629CP00,629,-1,B,SS
5466,S631A000,C631CC00,631,-7,B,SS
5466,C631CC00,C631CP00,631,-1,B,SS
5466,S632A000,C632CC00,632,-7,B,SS
5466,C632CC00,C632CP00,632,-1,B,SS
5466,S633A000,C633CC00,633,-7,B,SS
5466,C633CC00,C633CP00,633,-1,B,SS
5466,S634A000,C634CC00,634,-7,B,SS
5466,C634CC00,C634CP00,634,-1,B,SS
5466,S635A000,C635CC00,635,-7,B,SS
5466,C635CC00,C635CP00,635,-1,B,SS
5466,S636A000,C636CC00,636,-7,B,SS
5466,C636CC00,C636CP00,636,-1,B,SS
5466,S637A000,C637CC00,637,-7,B,SS
5466,C637CC00,C637CP00,637,-1,B,SS
5466,S638A000,C638CC00,638,-7,B,SS
5466,C638CC00,C638CP00,638,-1,B,SS
5466,S639A000,C639CC00,639,-7,B,SS
5466,C639CC00,C639CP00,639,-1,B,SS
5466,S641A000,C641CC00,641,-7,B,SS
5466,C641CC00,C641CP00,641,-1,B,SS
5466,S642A000,C642CC00,642,-8,B,SS
5466,C642CC00,C642CP00,642,-1,B,SS
5466,S643A000,C643CC00,643,-7,B,SS
5466,C643CC00,C643CP00,643,-1,B,SS
5466,S644A000,C644CC00,644,-7,B,SS
5466,C644CC00,C644CP00,644,-1,B,SS
5466,S651A000,C651CC00,651,-7,B,SS
5466,C651CC00,C651CP00,651,-1,B,SS
5466,S652A000,C652CC00,652,-7,B,SS
5466,C652CC00,C652CP00,652,-1,B,SS
5466,S653A000,C653CC00,653,-7,B,SS
5466,C653CC00,C653CP00,653,-1,B,SS
5466,S654A000,C654CC00,654,-7,B,SS
5466,C654CC00,C654CP00,654,-1,B,SS
5466,S661A000,C661CC00,661,-8,B,SS
5466,C661CC00,C661CP00,661,-1,B,SS
5466,S671A000,C671CC00,671,-7,B,SS
5466,C671CC00,C671CP00,671,-1,B,SS
5466,S721A000,C721CC00,721,-7,B,SS
5466,C721CC00,C721CP00,721,-1,B,SS
5466,S722A000,C722CC00,722,-9,B,SS
5466,C722CC00,C722CP00,722,-1,B,SS
5466,S723A000,C723CC00,723,-7,B,SS
5466,C723CC00,C723CP00,723,-1,B,SS
5466,S724A000,C724CC00,724,-7,B,SS
5466,C724CC00,C724CP00,724,-1,B,SS
5466,S725A000,C725CC00,725,-7,B,SS
5466,C725CC00,C725CP00,725,-1,B,SS
5466,S726A000,C726CC00,726,-7,B,SS
5466,C726CC00,C726CP00,726,-1,B,SS
5466,S727A000,C727CC00,727,-7,B,SS
5466,C727CC00,C727CP00,727,-1,B,SS
5466,S728A000,C728CC00,728,-7,B,SS
5466,C728CC00,C728CP00,728,-1,B,SS
5466,S729A000,C729CC00,729,-8,B,SS
5466,C729CC00,C729CP00,729,-1,B,SS
5466,S731A000,C731CC00,731,-10,B,SS
5466,C731CC00,C731CP00,731,-1,B,SS
5466,S732A000,C732CC00,732,-7,B,SS
5466,C732CC00,C732CP00,732,-1,B,SS
5466,S733A000,C733CC00,733,-7,B,SS
5466,C733CC00,C733CP00,733,-1,B,SS
5466,S734A000,C734CC00,734,-7,B,SS
5466,C734CC00,C734CP00,734,-1,B,SS
5466,S735A000,C735CC00,735,-11,B,SS
5466,C735CC00,C735CP00,735,-1,B,SS
5466,S736A000,C736CC00,736,-8,B,SS
5466,C736CC00,C736CP00,736,-1,B,SS
5466,S737A000,C737CC00,737,-7,B,SS
5466,C737CC00,C737CP00,737,-1,B,SS
5466,S738A000,C738CC00,738,-8,B,SS
5466,C738CC00,C738CP00,738,-1,B,SS
5466,S739A000,C739CC00,739,-7,B,SS
5466,C739CC00,C739CP00,739,-1,B,SS
5466,S741A000,C741CC00,741,-7,B,SS
5466,C741CC00,C741CP00,741,-1,B,SS
5466,S742A000,C742CC00,742,-7,B,SS
5466,C742CC00,C742CP00,742,-1,B,SS
5466,S743A000,C743CC00,743,-7,B,SS
5466,C743CC00,C743CP00,743,-1,B,SS
5466,S744A000,C744CC00,744,-8,B,SS
5466,C744CC00,C744CP00,744,-1,B,SS
5466,S751A000,C751CC00,751,-8,B,SS
5466,C751CC00,C751CP00,751,-1,B,SS
5466,S752A000,C752CC00,752,-8,B,SS
5466,C752CC00,C752CP00,752,-1,B,SS
5466,S753A000,C753CC00,753,-7,B,SS
5466,C753CC00,C753CP00,753,-1,B,SS
5466,S754A000,C754CC00,754,-7,B,SS
5466,C754CC00,C754CP00,754,-1,B,SS
5466,S801A000,C801CC00,801,-7,B,SS
5466,C801CC00,C801CP00,801,-1,B,SS
5466,S802A000,C802CC00,802,-7,B,SS
5466,C802CC00,C802CP00,802,-1,B,SS
5466,S803A000,C803CC00,803,-7,B,SS
5466,C803CC00,C803CP00,803,-1,B,SS
5466,S804A000,C804CC00,804,-7,B,SS
5466,C804CC00,C804CP00,804,-1,B,SS
5466,S805A000,C805CC00,805,-7,B,SS
5466,C805CC00,C805CP00,805,-1,B,SS
5466,S811A000,C811CC00,811,-7,B,SS
5466,C811CC00,C811CP00,811,-1,B,SS
5466,S812A000,C812CC00,812,-7,B,SS
5466,C812CC00,C812CP00,812,-1,B,SS
5466,S822A000,C822CC00,822,-7,B,SS
5466,C822CC00,C822CP00,822,-1,B,SS
5466,S823A000,C823CC00,823,-7,B,SS
5466,C823CC00,C823CP00,823,-1,B,SS
5466,S824A000,C824CC00,824,-7,B,SS
5466,C824CC00,C824CP00,824,-1,B,SS
5466,S825A000,C825CC00,825,-7,B,SS
5466,C825CC00,C825CP00,825,-1,B,SS
5466,S826A000,C826CC00,826,-7,B,SS
5466,C826CC00,C826CP00,826,-1,B,SS
5466,S832A000,C832CC00,832,-7,B,SS
5466,C832CC00,C832CP00,832,-1,B,SS
5466,S833A000,C833CC00,833,-9,B,SS
5466,C833CC00,C833CP00,833,-1,B,SS
5466,S834A000,C834CC00,834,-14,B,SS
5466,C834CC00,C834CP00,834,-1,B,SS
5466,S835A000,C835CC00,835,-8,B,SS
5466,C835CC00,C835CP00,835,-1,B,SS
5466,S836A000,C836CC00,836,-7,B,SS
5466,C836CC00,C836CP00,836,-1,B,SS
5466,S8X1A000,C8X1CC00,8X1,-7,B,SS
5466,C8X1CC00,C8X1CP00,8X1,-1,B,SS
5466,S904A000,C904CC00,904,-7,B,SS
5466,C904CC00,C904CP00,904,-1,B,SS
5466,S905A000,C905CC00,905,-7,B,SS
5466,C905CC00,C905CP00,905,-1,B,SS
5466,S906A000,C906CC00,906,-7,B,SS
5466,C906CC00,C906CP00,906,-1,B,SS
5466,S910A000,C910CC00,910,-7,B,SS
5466,C910CC00,C910CP00,910,-1,B,SS
5466,S913A000,C913CC00,913,-7,B,SS
5466,C913CC00,C913CP00,913,-1,B,SS
5466,S914A000,C914CC00,914,-7,B,SS
5466,C914CC00,C914CP00,914,-1,B,SS
5466,S921A000,C921CC00,921,-7,B,SS
5466,C921CC00,C921CP00,921,-1,B,SS
5466,S922A000,C922CC00,922,-7,B,SS
5466,C922CC00,C922CP00,922,-1,B,SS
5466,S923A000,C923CC00,923,-7,B,SS
5466,C923CC00,C923CP00,923,-1,B,SS
5466,S931A000,C931CC00,931,-7,B,SS
5466,C931CC00,C931CP00,931,-1,B,SS
5466,S932A000,C932CC00,932,-7,B,SS
5466,C932CC00,C932CP00,932,-1,B,SS
5466,S933A000,C933CC00,933,-7,B,SS
5466,C933CC00,C933CP00,933,-1,B,SS
5466,S941A000,C941CC00,941,-7,B,SS
5466,C941CC00,C941CP00,941,-1,B,SS
5466,S942A000,C942CC00,942,-7,B,SS
5466,C942CC00,C942CP00,942,-1,B,SS
5466,S951A000,C951CC00,951,-7,B,SS
5466,C951CC00,C951CP00,951,-1,B,SS
5466,S952A000,C952CC00,952,-7,B,SS
5466,C952CC00,C952CP00,952,-1,B,SS
5466,S981A000,C981CC00,981,-7,B,SS
5466,C981CC00,C981CP00,981,-1,B,SS
5466,S991A000,C991CC00,991,-7,B,SS
5466,C991CC00,C991CP00,991,-1,B,SS
5466,S998A000,C998CC00,998,-7,B,SS
5466,C998CC00,C998CP00,998,-1,B,SS
5466,S9X1A000,C9X1CC00,9X1,-7,B,SS
5466,C9X1CC00,C9X1CP00,9X1,-1,B,SS
5466,S104A000,C104CC00,104,-7,B,SS
5466,S104A000,W104GC00,104,4,B,SS
5466,S105A000,C105CC00,105,-7,B,SS
5466,S105A000,W105GC00,105,4,B,SS
5466,S107A000,W107GS00,107,0,B,SS
5466,W107GB00,U107GB00,107,-7,B,SS
5466,E10AP000,E10APS00,10A,0,P,SS
5466,T10AO000,E10AP000,10A,0,P,SS
5466,E10AP000,E10APG00,10A,2,P,SS
5466,T10CO000,E10CP000,10C,0,P,SS
5466,E10CP000,E10CPG00,10C,0,P,SS
5466,E10CP000,E10CPS00,10C,0,P,SS
5466,E10FDS00,E10FDG00,10F,-3,E,FS
5466,Z10FZDI0,E10FDS00,10F,1,E,FS
5466,T10FO000,E10FP000,10F,0,P,SS
5466,E10FP000,E10FPG00,10F,0,P,SS
5466,E10FP000,E10FPS00,10F,0,P,SS
5466,T10HO000,E10HP000,10H,0,P,SS
5466,E10HP000,E10HPG00,10H,2,P,SS
5466,E10HP000,E10HPS00,10H,0,P,SS
5466,E11ADS00,E11ADG00,11A,-3,E,FS
5466,Z11AZDI0,E11ADS00,11A,1,E,FS
5466,T11AO000,E11AP000,11A,0,P,SS
5466,E11AP000,E11APG00,11A,2,P,SS
5466,E11AP000,E11APS00,11A,0,P,SS
5466,E11BP000,A11BO000,11B,0,P,SS
5466,T11BO000,E11BP000,11B,0,P,SS
5466,E11BP000,E11BPG00,11B,2,P,SS
5466,E11HDS00,E11HDG00,11H,-3,E,FS
5466,Z11HZDI0,E11HDS00,11H,1,E,FS
5466,T11HO000,E11HP000,11H,0,P,SS
5466,E11HP000,E11HPG00,11H,2,P,SS
5466,E11HP000,E11HPS00,11H,0,P,SS
5466,E12DDS00,E12DDG00,12D,-3,E,FS
5466,Z12DZDI0,E12DDS00,12D,1,E,FS
5466,T12DO000,E12DP000,12D,0,P,SS
5466,E12DP000,E12DPG00,12D,2,P,SS
5466,E12DP000,E12DPS00,12D,0,P,SS
5466,E12EDS00,E12EDG00,12E,-3,E,FS
5466,Z12EZDI0,E12EDS00,12E,1,E,FS
5466,T12EO000,E12EP000,12E,0,P,SS
5466,E12EP000,E12EPG00,12E,0,P,SS
5466,E12EP000,E12EPS00,12E,0,P,SS
5466,E13DDS00,E13DDG00,13D,-3,E,FS
5466,Z13DZDI0,E13DDS00,13D,1,E,FS
5466,T13DO000,E13DP000,13D,0,P,SS
5466,E13DP000,E13DPG00,13D,2,P,SS
5466,E13DP000,E13DPS00,13D,0,P,SS
5466,E13EDS00,E13EDG00,13E,-3,E,FS
5466,Z13EZDI0,E13EDS00,13E,1,E,FS
5466,T13EO000,E13EP000,13E,0,P,SS
5466,E13EP000,E13EPG00,13E,2,P,SS
5466,E13EP000,E13EPS00,13E,0,P,SS
5466,E203DS00,E203DG00,203,-3,E,FS
5466,Z203ZDI0,E203DS00,203,1,E,FS
5466,E204DS00,E204DG00,204,-3,E,FS
5466,Z204ZDI0,E204DS00,204,1,E,FS
5466,E205DS00,E205DG00,205,-3,E,FS
5466,Z205ZDI0,E205DS00,205,1,E,FS
5466,E206DS00,E206DG00,206,-3,E,FS
5466,Z206ZDI0,E206DS00,206,1,E,FS
5466,E207DS00,E207DG00,207,-3,E,FS
5466,Z207ZDI0,E207DS00,207,1,E,FS
5466,E208DS00,E208DG00,208,-3,E,FS
5466,Z208ZDI0,E208DS00,208,1,E,FS
5466,E20JDS00,E20JDG00,20J,-3,E,FS
5466,Z20JZDI0,E20JDS00,20J,1,E,FS
5466,T20JO000,E20JP000,20J,0,P,SS
5466,E20JP000,E20JPG00,20J,2,P,SS
5466,Z20JZDI0,E20JPM00,20J,-2,P,SS
5466,E20JP000,E20JPS00,20J,0,P,SS
5466,E20KDS00,E20KDG00,20K,-3,E,FS
5466,Z20KZDI0,E20KDS00,20K,1,E,FS
5466,T20KO000,E20KP000,20K,0,P,SS
5466,E20KP000,E20KPG00,20K,2,P,SS
5466,Z20KZDI0,E20KPM00,20K,-2,P,SS
5466,E20KP000,E20KPS00,20K,0,P,SS
5466,E20LDS00,E20LDG00,20L,-3,E,FS
5466,Z20LZDI0,E20LDS00,20L,1,E,FS
5466,T20LO000,E20LP000,20L,0,P,SS
5466,E20LP000,E20LPG00,20L,2,P,SS
5466,Z20LZDI0,E20LPM00,20L,-2,P,SS
5466,E20LP000,E20LPS00,20L,0,P,SS
5466,E20MDS00,E20MDG00,20M,-3,E,FS
5466,Z20MZDI0,E20MDS00,20M,1,E,FS
5466,T20MO000,E20MP000,20M,0,P,SS
5466,E20MP000,E20MPG00,20M,2,P,SS
5466,Z20MZDI0,E20MPM00,20M,-2,P,SS
5466,E20MP000,E20MPS00,20M,0,P,SS
5466,E20NDS00,E20NDG00,20N,-3,E,FS
5466,Z20NZDI0,E20NDS00,20N,1,E,FS
5466,T20NO000,E20NP000,20N,0,P,SS
5466,E20NP000,E20NPG00,20N,2,P,SS
5466,E20NP000,E20NPS00,20N,0,P,SS
5466,E22ADS00,E22ADG00,22A,-3,E,FS
5466,Z22AZDI0,E22ADS00,22A,1,E,FS
5466,T22AO000,E22AP000,22A,0,P,SS
5466,E22AP000,E22APG00,22A,2,P,SS
5466,E22AP000,E22APS00,22A,0,P,SS
5466,E22BDS00,E22BDG00,22B,-3,E,FS
5466,Z22BZDI0,E22BDS00,22B,1,E,FS
5466,T22BO000,E22BP000,22B,0,P,SS
5466,E22BP000,E22BPG00,22B,2,P,SS
5466,E22BP000,E22BPS00,22B,0,P,SS
5466,E23ADS00,E23ADG00,23A,-3,E,FS
5466,Z23AZDI0,E23ADS00,23A,1,E,FS
5466,T23AO000,E23AP000,23A,0,P,SS
5466,E23AP000,E23APG00,23A,2,P,SS
5466,E23AP000,E23APS00,23A,0,P,SS
5466,E23BDS00,E23BDG00,23B,-3,E,FS
5466,Z23BZDI0,E23BDS00,23B,1,E,FS
5466,T23BO000,E23BP000,23B,0,P,SS
5466,E23BP000,E23BPG00,23B,2,P,SS
5466,E23BP000,E23BPS00,23B,0,P,SS
5466,E50ADS00,E50ADG00,50A,-3,E,FS
5466,Z50AZDI0,E50ADS00,50A,1,E,FS
5466,T50AO000,E50AP000,50A,0,P,SS
5466,E50AP000,E50APG00,50A,2,P,SS
5466,E50AP000,E50APS00,50A,0,P,SS
5466,E50BDS00,E50BDG00,50B,-3,E,FS
5466,Z50BZDI0,E50BDS00,50B,1,E,FS
5466,T50BO000,E50BP000,50B,0,P,SS
5466,E50BP000,E50BPG00,50B,2,P,SS
5466,E50BP000,E50BPS00,50B,0,P,SS
5466,E50CDS00,E50CDG00,50C,-3,E,FS
5466,Z50CZDI0,E50CDS00,50C,1,E,FS
5466,T50CO000,E50CP000,50C,0,P,SS
5466,E50CP000,E50CPG00,50C,0,P,SS
5466,E50CP000,E50CPS00,50C,0,P,SS
5466,E50DP000,E50DPS00,50D,0,P,SS
5466,T50DO000,E50DP000,50D,0,P,SS
5466,E50DP000,W50DOP00,50D,0,P,SS
5466,W50DOP00,P50DPP00,50D,1,P,FS
5466,E50DP000,A50DO000,50D,0,P,SS
5466,E50EDS00,E50EDG00,50E,-3,E,FS
5466,Z50EZDI0,E50EDS00,50E,1,E,FS
5466,T50EO000,E50EP000,50E,0,P,SS
5466,E50EP000,E50EPG00,50E,2,P,SS
5466,E50EP000,E50EPS00,50E,0,P,SS
5466,E50FDS00,E50FDG00,50F,-3,E,FS
5466,Z50FZDI0,E50FDS00,50F,1,E,FS
5466,T50FO000,E50FP000,50F,0,P,SS
5466,E50FP000,E50FPG00,50F,0,P,SS
5466,E50FP000,E50FPS00,50F,0,P,SS
5466,E50GDS00,E50GDG00,50G,-3,E,FS
5466,Z50GZDI0,E50GDS00,50G,1,E,FS
5466,T50GO000,E50GP000,50G,0,P,SS
5466,E50GP000,E50GPG00,50G,2,P,SS
5466,E50GP000,E50GPS00,50G,0,P,SS
5466,E50HDS00,E50HDG00,50H,-3,E,FS
5466,Z50HZDI0,E50HDS00,50H,1,E,FS
5466,T50HO000,E50HP000,50H,0,P,SS
5466,E50HP000,E50HPG00,50H,2,P,SS
5466,E50HP000,E50HPS00,50H,0,P,SS
5466,T50JO000,E50JP000,50J,0,P,SS
5466,E50JP000,E50JPG00,50J,2,P,SS
5466,E50JP000,E50JPS00,50J,0,P,SS
5466,T50KO000,E50KP000,50K,0,P,SS
5466,E50KP000,E50KPG00,50K,2,P,SS
5466,E50KP000,E50KPS00,50K,0,P,SS
5466,T50LO000,E50LP000,50L,0,P,SS
5466,E50LP000,E50LPG00,50L,2,P,SS
5466,E50LP000,E50LPS00,50L,0,P,SS
5466,T50MO000,E50MP000,50M,0,P,SS
5466,E50MP000,E50MPG00,50M,2,P,SS
5466,E50MP000,E50MPS00,50M,0,P,SS
5466,T50NO000,E50NP000,50N,0,P,SS
5466,E50NP000,E50NPG00,50N,2,P,SS
5466,E50NP000,E50NPS00,50N,0,P,SS
5466,E622DS00,E622DG00,622,-3,E,FS
5466,Z622ZDI0,E622DS00,622,1,E,FS
5466,E62ADS00,E62ADG00,62A,-3,E,FS
5466,Z62AZDI0,E62ADS00,62A,1,E,FS
5466,T62AO000,E62AP000,62A,0,P,SS
5466,E62AP000,E62APG00,62A,2,P,SS
5466,E62AP000,E62APS00,62A,0,P,SS
5466,E62CDS00,E62CDG00,62C,-3,E,FS
5466,Z62CZDI0,E62CDS00,62C,1,E,FS
5466,T62CO000,E62CP000,62C,0,P,SS
5466,E62CP000,E62CPG00,62C,2,P,SS
5466,E62CP000,E62CPS00,62C,0,P,SS
5466,E62DDS00,E62DDG00,62D,-3,E,FS
5466,Z62DZDI0,E62DDS00,62D,1,E,FS
5466,T62DO000,E62DP000,62D,0,P,SS
5466,E62DP000,E62DPG00,62D,2,P,SS
5466,E62DP000,E62DPS00,62D,0,P,SS
5466,E62EDS00,E62EDG00,62E,-3,E,FS
5466,Z62EZDI0,E62EDS00,62E,1,E,FS
5466,T62EO000,E62EP000,62E,0,P,SS
5466,E62EP000,E62EPG00,62E,2,P,SS
5466,E62EP000,E62EPS00,62E,0,P,SS
5466,E62FDS00,E62FDG00,62F,-3,E,FS
5466,Z62FZDI0,E62FDS00,62F,1,E,FS
5466,T62FO000,E62FP000,62F,0,P,SS
5466,E62FP000,E62FPG00,62F,2,P,SS
5466,E62FP000,E62FPS00,62F,0,P,SS
5466,E62GDS00,E62GDG00,62G,-3,E,FS
5466,Z62GZDI0,E62GDS00,62G,1,E,FS
5466,T62GO000,E62GP000,62G,0,P,SS
5466,E62GP000,E62GPG00,62G,2,P,SS
5466,E62GP000,E62GPS00,62G,0,P,SS
5466,E62HDS00,E62HDG00,62H,-3,E,FS
5466,Z62HZDI0,E62HDS00,62H,1,E,FS
5466,T62HO000,E62HP000,62H,0,P,SS
5466,E62HP000,E62HPG00,62H,2,P,SS
5466,E62HP000,E62HPS00,62H,0,P,SS
5466,E632DS00,E632DG00,632,-3,E,FS
5466,Z632ZDI0,E632DS00,632,1,E,FS
5466,E63ADS00,E63ADG00,63A,-3,E,FS
5466,Z63AZDI0,E63ADS00,63A,1,E,FS
5466,T63AO000,E63AP000,63A,0,P,SS
5466,E63AP000,E63APG00,63A,2,P,SS
5466,E63AP000,E63APS00,63A,0,P,SS
5466,E63CDS00,E63CDG00,63C,-3,E,FS
5466,Z63CZDI0,E63CDS00,63C,1,E,FS
5466,T63CO000,E63CP000,63C,0,P,SS
5466,E63CP000,E63CPG00,63C,2,P,SS
5466,E63CP000,E63CPS00,63C,0,P,SS
5466,E63DDS00,E63DDG00,63D,-3,E,FS
5466,Z63DZDI0,E63DDS00,63D,1,E,FS
5466,T63DO000,E63DP000,63D,0,P,SS
5466,E63DP000,E63DPG00,63D,2,P,SS
5466,E63DP000,E63DPS00,63D,0,P,SS
5466,E63EDS00,E63EDG00,63E,-3,E,FS
5466,Z63EZDI0,E63EDS00,63E,1,E,FS
5466,T63EO000,E63EP000,63E,0,P,SS
5466,E63EP000,E63EPG00,63E,2,P,SS
5466,E63EP000,E63EPS00,63E,0,P,SS
5466,E63FDS00,E63FDG00,63F,-3,E,FS
5466,Z63FZDI0,E63FDS00,63F,1,E,FS
5466,T63FO000,E63FP000,63F,0,P,SS
5466,E63FP000,E63FPG00,63F,2,P,SS
5466,E63FP000,E63FPS00,63F,0,P,SS
5466,E63GDS00,E63GDG00,63G,-3,E,FS
5466,Z63GZDI0,E63GDS00,63G,1,E,FS
5466,T63GO000,E63GP000,63G,0,P,SS
5466,E63GP000,E63GPG00,63G,2,P,SS
5466,E63GP000,E63GPS00,63G,0,P,SS
5466,E63HDS00,E63HDG00,63H,-3,E,FS
5466,Z63HZDI0,E63HDS00,63H,1,E,FS
5466,T63HO000,E63HP000,63H,0,P,SS
5466,E63HP000,E63HPG00,63H,2,P,SS
5466,E63HP000,E63HPS00,63H,0,P,SS
5466,E723DS00,E723DG00,723,-3,E,FS
5466,Z723ZDI0,E723DS00,723,1,E,FS
5466,E724DS00,E724DG00,724,-3,E,FS
5466,Z724ZDI0,E724DS00,724,1,E,FS
5466,E725DS00,E725DG00,725,-3,E,FS
5466,Z725ZDI0,E725DS00,725,1,E,FS
5466,E726DS00,E726DG00,726,-3,E,FS
5466,Z726ZDI0,E726DS00,726,1,E,FS
5466,E727DS00,E727DG00,727,-3,E,FS
5466,Z727ZDI0,E727DS00,727,1,E,FS
5466,E728DS00,E728DG00,728,-3,E,FS
5466,Z728ZDI0,E728DS00,728,1,E,FS
5466,E733DS00,E733DG00,733,-3,E,FS
5466,Z733ZDI0,E733DS00,733,1,E,FS
5466,E734DS00,E734DG00,734,-3,E,FS
5466,Z734ZDI0,E734DS00,734,1,E,FS
5466,E735DS00,E735DG00,735,-3,E,FS
5466,Z735ZDI0,E735DS00,735,1,E,FS
5466,E736DS00,E736DG00,736,-3,E,FS
5466,Z736ZDI0,E736DS00,736,1,E,FS
5466,E737DS00,E737DG00,737,-3,E,FS
5466,Z737ZDI0,E737DS00,737,1,E,FS
5466,E738DS00,E738DG00,738,-3,E,FS
5466,Z738ZDI0,E738DS00,738,1,E,FS
5466,E80ADS00,E80ADG00,80A,-3,E,FS
5466,Z80AZDI0,E80ADS00,80A,1,E,FS
5466,T80AO000,E80AP000,80A,0,P,SS
5466,E80AP000,E80APG00,80A,2,P,SS
5466,E80AP000,E80APS00,80A,0,P,SS
5466,E80BDS00,E80BDG00,80B,-3,E,FS
5466,Z80BZDI0,E80BDS00,80B,1,E,FS
5466,T80BO000,E80BP000,80B,0,P,SS
5466,E80BP000,E80BPG00,80B,2,P,SS
5466,E80BP000,E80BPS00,80B,0,P,SS
5466,E80CDS00,E80CDG00,80C,-3,E,FS
5466,Z80CZDI0,E80CDS00,80C,1,E,FS
5466,T80CO000,E80CP000,80C,0,P,SS
5466,E80CP000,E80CPG00,80C,2,P,SS
5466,E80CP000,E80CPS00,80C,0,P,SS
5466,E80DDS00,E80DDG00,80D,-3,E,FS
5466,Z80DZDI0,E80DDS00,80D,1,E,FS
5466,T80DO000,E80DP000,80D,0,P,SS
5466,E80DP000,E80DPG00,80D,2,P,SS
5466,E80DP000,E80DPS00,80D,0,P,SS
5466,E90ADS00,E90ADG00,90A,-3,E,FS
5466,Z90AZDI0,E90ADS00,90A,1,E,FS
5466,T90AO000,E90AP000,90A,0,P,SS
5466,E90AP000,E90APG00,90A,2,P,SS
5466,E90AP000,E90APS00,90A,0,P,SS
5466,E91ADS00,E91ADG00,91A,-3,E,FS
5466,Z91AZDI0,E91ADS00,91A,1,E,FS
5466,T91AO000,E91AP000,91A,0,P,SS
5466,E91AP000,E91APG00,91A,2,P,SS
5466,E91AP000,E91APS00,91A,0,P,SS
5466,Z101ZBI0,P101BC00,101,5,B,FS
5466,P101BC00,P101BP00,101,1,B,FS
5466,S102A000,C102CC00,102,-7,B,SS
5466,S102A000,W102GC00,102,4,B,SS
5466,S104A000,W104GA00,104,-4,B,FS
5466,W104GA00,Z104ZBI0,104,2,B,FS
5466,W105GB00,U105GB00,105,-7,B,SS
5466,S105A000,W105GB00,105,4,B,FS
5466,Z106ZBI0,P106BC00,106,1,B,FS
5466,P106BC00,P106BP00,106,1,B,FS
5466,S107A000,W107GB00,107,3,B,FS
5466,W107GB00,Z107ZBI0,107,3,B,FS
5466,Z108ZBI0,P108BC00,108,7,B,FS
5466,P108BC00,P108BP00,108,1,B,FS
5466,Z109ZBI0,P109BC00,109,7,B,FS
5466,P109BC00,P109BP00,109,1,B,FS
5466,E10AP000,W10AOP00,10A,0,P,SS
5466,W10COP00,P10CPP00,10C,1,P,FS
5466,W10FOP00,P10FPP00,10F,1,P,FS
5466,W10HOP00,P10HPP00,10H,1,P,FS
5466,Z110ZBI0,P110BC00,110,3,B,FS
5466,P110BC00,P110BP00,110,1,B,FS
5466,Z111ZBI0,P111BC00,111,1,B,FS
5466,P111BC00,P111BP00,111,1,B,FS
5466,Z113ZBI0,P113BC00,113,1,B,FS
5466,P113BC00,P113BP00,113,1,B,FS
5466,W11AOP00,P11APP00,11A,1,P,FS
5466,E11BP000,Z11BZBI0,11B,8,P,SS
5466,W11BOE00,U11BGE00,11B,-7,P,SS
5466,W11HOP00,P11HPP00,11H,1,P,FS
5466,Z122ZBI0,P122BC00,122,1,B,FS
5466,P122BC00,P122BP00,122,1,B,FS
5466,Z123ZBI0,P123BC00,123,1,B,FS
5466,P123BC00,P123BP00,123,1,B,FS
5466,Z124ZBI0,P124BC00,124,1,B,FS
5466,P124BC00,P124BP00,124,1,B,FS
5466,Z125ZBI0,P125BC00,125,1,B,FS
5466,P125BC00,P125BP00,125,1,B,FS
5466,W12DOP00,P12DPP00,12D,1,P,FS
5466,W12EOP00,P12EPP00,12E,1,P,FS
5466,Z132ZBI0,P132BC00,132,1,B,FS
5466,P132BC00,P132BP00,132,1,B,FS
5466,Z133ZBI0,P133BC00,133,1,B,FS
5466,P133BC00,P133BP00,133,1,B,FS
5466,Z134ZBI0,P134BC00,134,1,B,FS
5466,P134BC00,P134BP00,134,1,B,FS
5466,Z135ZBI0,P135BC00,135,1,B,FS
5466,P135BC00,P135BP00,135,1,B,FS
5466,W13DOP00,P13DPP00,13D,1,P,FS
5466,W13EOP00,P13EPP00,13E,1,P,FS
5466,Z142ZBI0,P142BC00,142,1,B,FS
5466,P142BC00,P142BP00,142,1,B,FS
5466,Z143ZBI0,P143BC00,143,1,B,FS
5466,P143BC00,P143BP00,143,1,B,FS
5466,Z144ZBI0,P144BC00,144,3,B,FS
5466,P144BC00,P144BP00,144,1,B,FS
5466,Z145ZBI0,P145BC00,145,1,B,FS
5466,P145BC00,P145BP00,145,1,B,FS
5466,Z152ZBI0,P152BC00,152,1,B,FS
5466,P152BC00,P152BP00,152,1,B,FS
5466,Z153ZBI0,P153BC00,153,6,B,FS
5466,P153BC00,P153BP00,153,1,B,FS
5466,Z154ZBI0,P154BC00,154,5,B,FS
5466,P154BC00,P154BP00,154,1,B,FS
5466,Z155ZBI0,P155BC00,155,1,B,FS
5466,P155BC00,P155BP00,155,1,B,FS
5466,Z161ZBI0,P161BC00,161,4,B,FS
5466,P161BC00,P161BP00,161,1,B,FS
5466,Z171ZBI0,P171BC00,171,3,B,FS
5466,P171BC00,P171BP00,171,1,B,FS
5466,Z182ZBI0,P182BC00,182,1,B,FS
5466,P182BC00,P182BP00,182,1,B,FS
5466,Z183ZBI0,P183BC00,183,3,B,FS
5466,P183BC00,P183BP00,183,1,B,FS
5466,Z192ZBI0,P192BC00,192,1,B,FS
5466,P192BC00,P192BP00,192,1,B,FS
5466,Z193ZBI0,P193BC00,193,3,B,FS
5466,P193BC00,P193BP00,193,1,B,FS
5466,W203GA00,P203BC00,203,6,B,FS
5466,P203BC00,P203BP00,203,1,B,FS
5466,W204GA00,P204BC00,204,6,B,FS
5466,P204BC00,P204BP00,204,1,B,FS
5466,W205GA00,P205BC00,205,5,B,FS
5466,P205BC00,P205BP00,205,1,B,FS
5466,W206GA00,P206BC00,206,2,B,FS
5466,P206BC00,P206BP00,206,1,B,FS
5466,W207GA00,P207BC00,207,9,B,FS
5466,P207BC00,P207BP00,207,1,B,FS
5466,W208GA00,P208BC00,208,4,B,FS
5466,P208BC00,P208BP00,208,1,B,FS
5466,W209GA00,P209BC00,209,11,B,FS
5466,P209BC00,P209BP00,209,1,B,FS
5466,W20JOP00,P20JPP00,20J,1,P,FS
5466,W20KOP00,P20KPP00,20K,1,P,FS
5466,W20LOP00,P20LPP00,20L,1,P,FS
5466,W20MOP00,P20MPP00,20M,1,P,FS
5466,W20NOP00,P20NPP00,20N,1,P,FS
5466,W211GA00,P211BC00,211,12,B,FS
5466,P211BC00,P211BP00,211,1,B,FS
5466,W212GA00,P212BC00,212,10,B,FS
5466,P212BC00,P212BP00,212,1,B,FS
5466,W221GA00,P221BC00,221,2,B,FS
5466,P221BC00,P221BP00,221,1,B,FS
5466,W222GA00,P222BC00,222,1,B,FS
5466,P222BC00,P222BP00,222,1,B,FS
5466,W223GA00,P223BC00,223,6,B,FS
5466,P223BC00,P223BP00,223,1,B,FS
5466,Z224ZBI0,P224BC00,224,1,B,FS
5466,P224BC00,P224BP00,224,1,B,FS
5466,Z225ZBI0,P225BC00,225,5,B,FS
5466,P225BC00,P225BP00,225,1,B,FS
5466,Z226ZBI0,P226BC00,226,3,B,FS
5466,P226BC00,P226BP00,226,1,B,FS
5466,Z227ZBI0,P227BC00,227,6,B,FS
5466,P227BC00,P227BP00,227,1,B,FS
5466,Z228ZBI0,P228BC00,228,17,B,FS
5466,P228BC00,P228BP00,228,1,B,FS
5466,Z229ZBI0,P229BC00,229,5,B,FS
5466,P229BC00,P229BP00,229,1,B,FS
5466,W22AOP00,P22APP00,22A,1,P,FS
5466,W22BOP00,P22BPP00,22B,1,P,FS
5466,W231GA00,P231BC00,231,2,B,FS
5466,P231BC00,P231BP00,231,1,B,FS
5466,W232GA00,P232BC00,232,5,B,FS
5466,P232BC00,P232BP00,232,1,B,FS
5466,W233GA00,P233BC00,233,6,B,FS
5466,P233BC00,P233BP00,233,1,B,FS
5466,Z234ZBI0,P234BC00,234,1,B,FS
5466,P234BC00,P234BP00,234,1,B,FS
5466,Z235ZBI0,P235BC00,235,5,B,FS
5466,P235BC00,P235BP00,235,1,B,FS
5466,Z236ZBI0,P236BC00,236,6,B,FS
5466,P236BC00,P236BP00,236,1,B,FS
5466,Z237ZBI0,P237BC00,237,6,B,FS
5466,P237BC00,P237BP00,237,1,B,FS
5466,Z238ZBI0,P238BC00,238,17,B,FS
5466,P238BC00,P238BP00,238,1,B,FS
5466,Z239ZBI0,P239BC00,239,5,B,FS
5466,P239BC00,P239BP00,239,1,B,FS
5466,W23AOP00,P23APP00,23A,1,P,FS
5466,W23BOP00,P23BPP00,23B,1,P,FS
5466,Z241ZBI0,P241BC00,241,5,B,FS
5466,P241BC00,P241BP00,241,1,B,FS
5466,Z242ZBI0,P242BC00,242,7,B,FS
5466,P242BC00,P242BP00,242,1,B,FS
5466,W243GA00,P243BC00,243,13,B,FS
5466,P243BC00,P243BP00,243,1,B,FS
5466,W244GA00,P244BC00,244,9,B,FS
5466,P244BC00,P244BP00,244,1,B,FS
5466,Z251ZBI0,P251BC00,251,5,B,FS
5466,P251BC00,P251BP00,251,1,B,FS
5466,Z252ZBI0,P252BC00,252,6,B,FS
5466,P252BC00,P252BP00,252,1,B,FS
5466,W253GA00,P253BC00,253,13,B,FS
5466,P253BC00,P253BP00,253,1,B,FS
5466,W254GA00,P254BC00,254,9,B,FS
5466,P254BC00,P254BP00,254,1,B,FS
5466,Z261ZBI0,P261BC00,261,1,B,FS
5466,P261BC00,P261BP00,261,1,B,FS
5466,Z261ZBR0,P261BP01,261,1,B,FS
5466,Z262ZBI0,P262BC00,262,1,B,FS
5466,P262BC00,P262BP00,262,1,B,FS
5466,Z262ZBR0,P262BP01,262,1,B,FS
5466,Z263ZBI0,P263BC00,263,2,B,FS
5466,P263BC00,P263BP00,263,1,B,FS
5466,Z263ZBR0,P263BP01,263,1,B,FS
5466,Z271ZBI0,P271BC00,271,1,B,FS
5466,P271BC00,P271BP00,271,1,B,FS
5466,Z271ZBR0,P271BP01,271,1,B,FS
5466,Z272ZBI0,P272BC00,272,1,B,FS
5466,P272BC00,P272BP00,272,1,B,FS
5466,Z272ZBR0,P272BP01,272,1,B,FS
5466,Z273ZBI0,P273BC00,273,3,B,FS
5466,P273BC00,P273BP00,273,1,B,FS
5466,Z273ZBR0,P273BP01,273,1,B,FS
5466,Z283ZBI0,P283BC00,283,3,B,FS
5466,P283BC00,P283BP00,283,1,B,FS
5466,Z283ZBR0,P283BP01,283,1,B,FS
5466,Z284ZBI0,P284BC00,284,4,B,FS
5466,P284BC00,P284BP00,284,1,B,FS
5466,Z284ZBR0,P284BP01,284,1,B,FS
5466,Z293ZBI0,P293BC00,293,3,B,FS
5466,P293BC00,P293BP00,293,1,B,FS
5466,Z293ZBR0,P293BP01,293,1,B,FS
5466,Z294ZBI0,P294BC00,294,4,B,FS
5466,P294BC00,P294BP00,294,1,B,FS
5466,Z294ZBR0,P294BP01,294,1,B,FS
5466,S421A000,W421GA00,421,-1,B,FS
5466,W421GA00,P421BC00,421,3,B,FS
5466,S431A000,W431GA00,431,-1,B,FS
5466,W431GA00,P431BC00,431,2,B,FS
5466,W50AOP00,P50APP00,50A,1,P,FS
5466,W50BOP00,P50BPP00,50B,1,P,FS
5466,W50COP00,P50CPP00,50C,1,P,FS
5466,Z50DZDI0,E50DDS00,50D,1,E,FS
5466,W50EOP00,P50EPP00,50E,1,P,FS
5466,W50FOP00,P50FPP00,50F,1,P,FS
5466,W50GOP00,P50GPP00,50G,1,P,FS
5466,W50HOP00,P50HPP00,50H,1,P,FS
5466,W50JOP00,P50JPP00,50J,2,P,FS
5466,W50KOP00,P50KPP00,50K,1,P,FS
5466,W50LOP00,P50LPP00,50L,1,P,FS
5466,W50MOP00,P50MPP00,50M,1,P,FS
5466,W50NOP00,P50NPP00,50N,1,P,FS
5466,Z521ZBI0,P521BC00,521,1,B,FS
5466,P521BC00,P521BP00,521,1,B,FS
5466,Z522ZBI0,P522BC00,522,7,B,FS
5466,P522BC00,P522BP00,522,1,B,FS
5466,Z523ZBI0,P523BC00,523,5,B,FS
5466,P523BC00,P523BP00,523,1,B,FS
5466,Z524ZBI0,P524BC00,524,10,B,FS
5466,P524BC00,P524BP00,524,1,B,FS
5466,Z525ZBI0,P525BC00,525,6,B,FS
5466,P525BC00,P525BP00,525,1,B,FS
5466,Z526ZBI0,P526BC00,526,14,B,FS
5466,P526BC00,P526BP00,526,1,B,FS
5466,Z527ZBI0,P527BC00,527,6,B,FS
5466,P527BC00,P527BP00,527,1,B,FS
5466,Z528ZBI0,P528BC00,528,5,B,FS
5466,P528BC00,P528BP00,528,1,B,FS
5466,Z529ZBI0,P529BC00,529,16,B,FS
5466,P529BC00,P529BP00,529,1,B,FS
5466,Z531ZBI0,P531BC00,531,1,B,FS
5466,P531BC00,P531BP00,531,1,B,FS
5466,Z532ZBI0,P532BC00,532,7,B,FS
5466,P532BC00,P532BP00,532,1,B,FS
5466,Z533ZBI0,P533BC00,533,4,B,FS
5466,P533BC00,P533BP00,533,1,B,FS
5466,Z534ZBI0,P534BC00,534,9,B,FS
5466,P534BC00,P534BP00,534,1,B,FS
5466,Z535ZBI0,P535BC00,535,6,B,FS
5466,P535BC00,P535BP00,535,1,B,FS
5466,Z536ZBI0,P536BC00,536,13,B,FS
5466,P536BC00,P536BP00,536,1,B,FS
5466,Z537ZBI0,P537BC00,537,6,B,FS
5466,P537BC00,P537BP00,537,1,B,FS
5466,Z538ZBI0,P538BC00,538,5,B,FS
5466,P538BC00,P538BP00,538,1,B,FS
5466,Z539ZBI0,P539BC00,539,16,B,FS
5466,P539BC00,P539BP00,539,1,B,FS
5466,Z541ZBI0,P541BC00,541,18,B,FS
5466,P541BC00,P541BP00,541,1,B,FS
5466,Z542ZBI0,P542BC00,542,1,B,FS
5466,P542BC00,P542BP00,542,1,B,FS
5466,Z543ZBI0,P543BC00,543,3,B,FS
5466,P543BC00,P543BP00,543,1,B,FS
5466,Z544ZBI0,P544BC00,544,10,B,FS
5466,P544BC00,P544BP00,544,1,B,FS
5466,Z551ZBI0,P551BC00,551,18,B,FS
5466,P551BC00,P551BP00,551,1,B,FS
5466,Z552ZBI0,P552BC00,552,1,B,FS
5466,P552BC00,P552BP00,552,1,B,FS
5466,Z553ZBI0,P553BC00,553,3,B,FS
5466,P553BC00,P553BP00,553,1,B,FS
5466,Z554ZBI0,P554BC00,554,10,B,FS
5466,P554BC00,P554BP00,554,1,B,FS
5466,Z561ZBI0,P561BC00,561,4,B,FS
5466,P561BC00,P561BP00,561,1,B,FS
5466,Z571ZBI0,P571BC00,571,4,B,FS
5466,P571BC00,P571BP00,571,1,B,FS
5466,Z621ZBI0,P621BC00,621,1,B,FS
5466,P621BC00,P621BP00,621,1,B,FS
5466,Z621ZBR0,P621BP01,621,1,B,FS
5466,Z622ZBI0,P622BC00,622,5,B,FS
5466,P622BC00,P622BP00,622,1,B,FS
5466,Z622ZBR0,P622BP01,622,1,B,FS
5466,Z623ZBI0,P623BC00,623,1,B,FS
5466,P623BC00,P623BP00,623,1,B,FS
5466,Z623ZBR0,P623BP01,623,1,B,FS
5466,Z624ZBI0,P624BC00,624,4,B,FS
5466,P624BC00,P624BP00,624,1,B,FS
5466,Z624ZBR0,P624BP01,624,1,B,FS
5466,Z625ZBI0,P625BC00,625,1,B,FS
5466,P625BC00,P625BP00,625,1,B,FS
5466,Z625ZBR0,P625BP01,625,1,B,FS
5466,Z626ZBI0,P626BC00,626,4,B,FS
5466,P626BC00,P626BP00,626,1,B,FS
5466,Z626ZBR0,P626BP01,626,1,B,FS
5466,Z627ZBI0,P627BC00,627,4,B,FS
5466,P627BC00,P627BP00,627,1,B,FS
5466,Z627ZBR0,P627BP01,627,1,B,FS
5466,Z628ZBI0,P628BC00,628,13,B,FS
5466,P628BC00,P628BP00,628,1,B,FS
5466,Z628ZBR0,P628BP01,628,1,B,FS
5466,Z629ZBI0,P629BC00,629,3,B,FS
5466,P629BC00,P629BP00,629,1,B,FS
5466,Z629ZBR0,P629BP01,629,1,B,FS
5466,W62AOP00,P62APP00,62A,1,P,FS
5466,W62COP00,P62CPP00,62C,1,P,FS
5466,W62DOP00,P62DPP00,62D,1,P,FS
5466,W62EOP00,P62EPP00,62E,1,P,FS
5466,W62FOP00,P62FPP00,62F,1,P,FS
5466,W62GOP00,P62GPP00,62G,1,P,FS
5466,W62HOP00,P62HPP00,62H,1,P,FS
5466,Z631ZBI0,P631BC00,631,2,B,FS
5466,P631BC00,P631BP00,631,1,B,FS
5466,Z631ZBR0,P631BP01,631,1,B,FS
5466,Z632ZBI0,P632BC00,632,5,B,FS
5466,P632BC00,P632BP00,632,1,B,FS
5466,Z632ZBR0,P632BP01,632,1,B,FS
5466,Z633ZBI0,P633BC00,633,1,B,FS
5466,P633BC00,P633BP00,633,1,B,FS
5466,Z633ZBR0,P633BP01,633,1,B,FS
5466,Z634ZBI0,P634BC00,634,4,B,FS
5466,P634BC00,P634BP00,634,1,B,FS
5466,Z634ZBR0,P634BP01,634,1,B,FS
5466,Z635ZBI0,P635BC00,635,1,B,FS
5466,P635BC00,P635BP00,635,1,B,FS
5466,Z635ZBR0,P635BP01,635,1,B,FS
5466,Z636ZBI0,P636BC00,636,4,B,FS
5466,P636BC00,P636BP00,636,1,B,FS
5466,Z636ZBR0,P636BP01,636,1,B,FS
5466,Z637ZBI0,P637BC00,637,4,B,FS
5466,P637BC00,P637BP00,637,1,B,FS
5466,Z637ZBR0,P637BP01,637,1,B,FS
5466,Z638ZBI0,P638BC00,638,12,B,FS
5466,P638BC00,P638BP00,638,1,B,FS
5466,Z638ZBR0,P638BP01,638,1,B,FS
5466,Z639ZBI0,P639BC00,639,4,B,FS
5466,P639BC00,P639BP00,639,1,B,FS
5466,Z639ZBR0,P639BP01,639,1,B,FS
5466,W63AOP00,P63APP00,63A,1,P,FS
5466,W63COP00,P63CPP00,63C,1,P,FS
5466,W63DOP00,P63DPP00,63D,0,P,FS
5466,W63EOP00,P63EPP00,63E,1,P,FS
5466,W63FOP00,P63FPP00,63F,1,P,FS
5466,W63GOP00,P63GPP00,63G,1,P,FS
5466,W63HOP00,P63HPP00,63H,1,P,FS
5466,Z641ZBI0,P641BC00,641,3,B,FS
5466,P641BC00,P641BP00,641,1,B,FS
5466,Z641ZBR0,P641BP01,641,1,B,FS
5466,Z642ZBI0,P642BC00,642,3,B,FS
5466,P642BC00,P642BP00,642,1,B,FS
5466,Z642ZBR0,P642BP01,642,1,B,FS
5466,Z643ZBI0,P643BC00,643,1,B,FS
5466,P643BC00,P643BP00,643,1,B,FS
5466,Z643ZBR0,P643BP01,643,1,B,FS
5466,Z644ZBI0,P644BC00,644,1,B,FS
5466,P644BC00,P644BP00,644,1,B,FS
5466,Z644ZBR0,P644BP01,644,1,B,FS
5466,Z651ZBI0,P651BC00,651,3,B,FS
5466,P651BC00,P651BP00,651,1,B,FS
5466,Z651ZBR0,P651BP01,651,1,B,FS
5466,Z652ZBI0,P652BC00,652,5,B,FS
5466,P652BC00,P652BP00,652,1,B,FS
5466,Z652ZBR0,P652BP01,652,1,B,FS
5466,Z653ZBI0,P653BC00,653,1,B,FS
5466,P653BC00,P653BP00,653,1,B,FS
5466,Z653ZBR0,P653BP01,653,1,B,FS
5466,Z654ZBI0,P654BC00,654,1,B,FS
5466,P654BC00,P654BP00,654,1,B,FS
5466,Z654ZBR0,P654BP01,654,1,B,FS
5466,Z661ZBI0,P661BC00,661,1,B,FS
5466,P661BC00,P661BP00,661,1,B,FS
5466,Z661ZBR0,P661BP01,661,1,B,FS
5466,Z671ZBI0,P671BC00,671,1,B,FS
5466,P671BC00,P671BP00,671,1,B,FS
5466,Z671ZBR0,P671BP01,671,1,B,FS
5466,W721GA00,P721BC00,721,6,B,FS
5466,P721BC00,P721BP00,721,1,B,FS
5466,W731GA00,P731BC00,731,2,B,FS
5466,P731BC00,P731BP00,731,1,B,FS
5466,Z801ZBI0,P801BC00,801,4,B,FS
5466,P801BC00,P801BP00,801,1,B,FS
5466,Z802ZBI0,P802BC00,802,5,B,FS
5466,P802BC00,P802BP00,802,1,B,FS
5466,W803GA00,P803BC00,803,11,B,FS
5466,P803BC00,P803BP00,803,1,B,FS
5466,W804GA00,P804BC00,804,12,B,FS
5466,P804BC00,P804BP00,804,1,B,FS
5466,Z805ZBI0,P805BC00,805,1,B,FS
5466,P805BC00,P805BP00,805,1,B,FS
5466,W80AOP00,P80APP00,80A,1,P,FS
5466,W80BOP00,P80BPP00,80B,1,P,FS
5466,W80COP00,P80CPP00,80C,1,P,FS
5466,W80DOP00,P80DPP00,80D,1,P,FS
5466,W811GA00,P811BC00,811,2,B,FS
5466,P811BC00,P811BP00,811,1,B,FS
5466,W812GA00,P812BC00,812,7,B,FS
5466,P812BC00,P812BP00,812,1,B,FS
5466,Z822ZBI0,P822BC00,822,3,B,FS
5466,P822BC00,P822BP00,822,1,B,FS
5466,Z823ZBI0,P823BC00,823,3,B,FS
5466,P823BC00,P823BP00,823,1,B,FS
5466,Z824ZBI0,P824BC00,824,4,B,FS
5466,P824BC00,P824BP00,824,1,B,FS
5466,Z825ZBI0,P825BC00,825,1,B,FS
5466,P825BC00,P825BP00,825,1,B,FS
5466,Z826ZBI0,P826BC00,826,2,B,FS
5466,P826BC00,P826BP00,826,1,B,FS
5466,Z832ZBI0,P832BC00,832,3,B,FS
5466,P832BC00,P832BP00,832,1,B,FS
5466,Z833ZBI0,P833BC00,833,3,B,FS
5466,P833BC00,P833BP00,833,1,B,FS
5466,Z834ZBI0,P834BC00,834,3,B,FS
5466,P834BC00,P834BP00,834,1,B,FS
5466,Z835ZBI0,P835BC00,835,1,B,FS
5466,P835BC00,P835BP00,835,1,B,FS
5466,Z836ZBI0,P836BC00,836,3,B,FS
5466,P836BC00,P836BP00,836,1,B,FS
5466,W8X1GA00,P8X1BC00,8X1,7,B,FS
5466,P8X1BC00,P8X1BP00,8X1,1,B,FS
5466,W904GB00,P904BC00,904,1,B,FS
5466,P904BC00,P904BP00,904,1,B,FS
5466,W905GB00,P905BC00,905,1,B,FS
5466,P905BC00,P905BP00,905,1,B,FS
5466,W906GB00,P906BC00,906,1,B,FS
5466,P906BC00,P906BP00,906,1,B,FS
5466,W90AOP00,P90APP00,90A,-21,P,FS
5466,W910GB00,P910BC00,910,4,B,FS
5466,P910BC00,P910BP00,910,1,B,FS
5466,W913GB00,P913BC00,913,1,B,FS
5466,P913BC00,P913BP00,913,1,B,FS
5466,W914GB00,P914BC00,914,1,B,FS
5466,P914BC00,P914BP00,914,1,B,FS
5466,W91AOP00,P91APP00,91A,-21,P,FS
5466,W921GB00,P921BC00,921,1,B,FS
5466,P921BC00,P921BP00,921,1,B,FS
5466,W922GB00,P922BC00,922,1,B,FS
5466,P922BC00,P922BP00,922,1,B,FS
5466,W923GB00,P923BC00,923,1,B,FS
5466,P923BC00,P923BP00,923,1,B,FS
5466,W931GB00,P931BC00,931,1,B,FS
5466,P931BC00,P931BP00,931,1,B,FS
5466,W932GB00,P932BC00,932,1,B,FS
5466,P932BC00,P932BP00,932,1,B,FS
5466,W933GB00,P933BC00,933,1,B,FS
5466,P933BC00,P933BP00,933,1,B,FS
5466,W941GB00,P941BC00,941,1,B,FS
5466,P941BC00,P941BP00,941,1,B,FS
5466,W942GB00,P942BC00,942,1,B,FS
5466,P942BC00,P942BP00,942,1,B,FS
5466,W951GB00,P951BC00,951,1,B,FS
5466,P951BC00,P951BP00,951,1,B,FS
5466,W952GB00,P952BC00,952,1,B,FS
5466,P952BC00,P952BP00,952,1,B,FS
5466,W981GB00,P981BC00,981,1,B,FS
5466,P981BC00,P981BP00,981,1,B,FS
5466,W991GB00,P991BC00,991,1,B,FS
5466,P991BC00,P991BP00,991,1,B,FS
5466,S998A000,P998BC00,998,3,B,FS
5466,P998BC00,P998BP00,998,1,B,FS
5466,W9X1GB00,P9X1BC00,9X1,7,B,FS
5466,P9X1BC00,P9X1BP00,9X1,1,B,FS
5466,W101GB00,U101GB00,101,-7,B,SS
5466,W102GB00,U102GB00,102,-7,B,SS
5466,W105GB00,Z105ZBI0,105,2,B,FS
5466,W106GB00,U106GB00,106,-7,B,SS
5466,Z107ZBI0,P107BC00,107,5,B,FS
5466,W108GB00,U108GB00,108,-7,B,SS
5466,E10CP000,U10CGP00,10C,-7,P,SS
5466,W113GB00,U113GB00,113,-7,B,SS
5466,E11BP000,W11BGE00,11B,11,P,SS
5466,W122GB00,U122GB00,122,-7,B,SS
5466,W123GB00,U123GB00,123,-7,B,SS
5466,W124GB00,U124GB00,124,-7,B,SS
5466,E12DP000,U12DGP00,12D,-7,P,SS
5466,E12EP000,U12EGP00,12E,-7,P,SS
5466,W132GB00,U132GB00,132,-7,B,SS
5466,W133GB00,U133GB00,133,-7,B,SS
5466,W134GB00,U134GB00,134,-7,B,SS
5466,E13DP000,U13DGP00,13D,-8,P,SS
5466,W142GB00,U142GB00,142,-7,B,SS
5466,W142GC00,U142GC00,142,-7,B,SS
5466,W143GB00,U143GB00,143,-7,B,SS
5466,W144GB00,U144GB00,144,-7,B,SS
5466,W152GB00,U152GB00,152,-7,B,SS
5466,W152GC00,U152GC00,152,-7,B,SS
5466,W153GB00,U153GB00,153,-7,B,SS
5466,W154GB00,U154GB00,154,-7,B,SS
5466,W161GB00,U161GB00,161,-7,B,SS
5466,W171GB00,U171GB00,171,-7,B,SS
5466,W182GB00,U182GB00,182,-7,B,SS
5466,W183GB00,U183GB00,183,-7,B,SS
5466,W192GB00,U192GB00,192,-7,B,SS
5466,W193GB00,U193GB00,193,-7,B,SS
5466,S101A000,W101GB00,101,2,B,FS
5466,S101A000,W101GC00,101,4,B,SS
5466,S101A000,W101GS00,101,0,B,SS
5466,S102A000,W102GB00,102,5,B,FS
5466,W102GB00,Z102ZBI0,102,2,B,FS
5466,Z102ZBI0,P102BC00,102,4,B,FS
5466,Z104ZBI0,P104BC00,104,2,B,FS
5466,P104BC00,P104BP00,104,1,B,FS
5466,P104BP00,Z104ZBR0,104,1,B,FS
5466,Z105ZBI0,P105BC00,105,4,B,FS
5466,P105BC00,P105BP00,105,1,B,FS
5466,P105BP00,Z105ZBR0,105,1,B,FS
5466,T105O000,W105ON00,105,71,P,SS
5466,S106A000,W106GB00,106,6,B,FS
5466,S106A000,W106GC00,106,4,B,SS
5466,Z106ZBR0,W106GL00,106,1,B,FS
5466,S106A000,W106GS00,106,0,B,SS
5466,P107BC00,P107BP00,107,1,B,FS
5466,P107BP00,Z107ZBR0,107,1,B,FS
5466,T107O000,W107ON00,107,50,P,SS
5466,S108A000,W108GB00,108,11,B,FS
5466,S108A000,W108GC00,108,0,B,SS
5466,Z108ZBR0,W108GL00,108,1,B,FS
5466,S108A000,W108GS00,108,0,B,SS
5466,S109A000,W109GB00,109,5,B,FS
5466,S109A000,W109GC00,109,4,B,SS
5466,Z109ZBR0,W109GL00,109,1,B,FS
5466,S109A000,W109GS00,109,0,B,SS
5466,W10AOP00,P10APP00,10A,1,P,FS
5466,E10CP000,W10COP00,10C,0,P,SS
5466,E10FP000,W10FOP00,10F,0,P,SS
5466,E10HP000,W10HOP00,10H,0,P,SS
5466,S110A000,W110GB00,110,2,B,FS
5466,S110A000,W110GC00,110,4,B,SS
5466,S110A000,W110GS00,110,0,B,SS
5466,S111A000,W111GB00,111,-4,B,FS
5466,S111A000,W111GC00,111,0,B,SS
5466,S113A000,W113GB00,113,-2,B,FS
5466,S113A000,W113GC00,113,0,B,SS
5466,S113A000,W113GS00,113,0,B,SS
5466,E11AP000,W11AOP00,11A,0,P,SS
5466,E11BP000,W11BOE00,11B,11,P,SS
5466,E11BP000,P11BBC00,11B,22,P,FS
5466,E11HP000,W11HOP00,11H,0,P,SS
5466,S121A000,W121GC00,121,4,B,SS
5466,S121A000,W121GS00,121,0,B,SS
5466,S122A000,W122GB00,122,1,B,FS
5466,S122A000,W122GC00,122,0,B,SS
5466,Z122ZBR0,W122GL00,122,11,B,FS
5466,S122A000,W122GS00,122,0,B,SS
5466,S123A000,W123GB00,123,4,B,FS
5466,S123A000,W123GC00,123,4,B,SS
5466,Z123ZBR0,W123GL00,123,1,B,FS
5466,S123A000,W123GS00,123,0,B,SS
5466,S124A000,W124GB00,124,2,B,FS
5466,S124A000,W124GC00,124,4,B,SS
5466,Z124ZBR0,W124GL00,124,1,B,FS
5466,S124A000,W124GS00,124,0,B,SS
5466,S125A000,W125GB00,125,-4,B,FS
5466,S125A000,W125GC00,125,0,B,SS
5466,E12DP000,W12DOP00,12D,0,P,SS
5466,E12EP000,W12EOP00,12E,0,P,SS
5466,S131A000,W131GC00,131,4,B,SS
5466,S131A000,W131GS00,131,0,B,SS
5466,S132A000,W132GB00,132,1,B,FS
5466,S132A000,W132GC00,132,0,B,SS
5466,Z132ZBR0,W132GL00,132,11,B,FS
5466,S132A000,W132GS00,132,0,B,SS
5466,S133A000,W133GB00,133,2,B,FS
5466,S133A000,W133GC00,133,4,B,SS
5466,S133A000,W133GS00,133,0,B,SS
5466,S134A000,W134GB00,134,2,B,FS
5466,S134A000,W134GC00,134,4,B,SS
5466,Z134ZBR0,W134GL00,134,1,B,FS
5466,S134A000,W134GS00,134,0,B,SS
5466,S135A000,W135GB00,135,-4,B,FS
5466,S135A000,W135GC00,135,0,B,SS
5466,S135A000,W135GS00,135,0,B,SS
5466,E13DP000,W13DOP00,13D,0,P,SS
5466,E13EP000,W13EOP00,13E,0,P,SS
5466,S142A000,W142GB00,142,5,B,FS
5466,S142A000,W142GC00,142,4,B,SS
5466,Z142ZBR0,W142GL00,142,1,B,FS
5466,S143A000,W143GB00,143,1,B,FS
5466,S143A000,W143GC00,143,4,B,SS
5466,Z143ZBR0,W143GL00,143,1,B,FS
5466,S143A000,W143GS00,143,0,B,SS
5466,S144A000,W144GB00,144,1,B,FS
5466,S144A000,W144GC00,144,4,B,SS
5466,Z144ZBR0,W144GL00,144,1,B,FS
5466,S144A000,W144GS00,144,0,B,SS
5466,S145A000,W145GB00,145,-4,B,FS
5466,S145A000,W145GC00,145,0,B,SS
5466,S152A000,W152GB00,152,10,B,FS
5466,S152A000,W152GC00,152,4,B,SS
5466,Z152ZBR0,W152GL00,152,1,B,FS
5466,S152A000,W152GS00,152,0,B,SS
5466,S153A000,W153GB00,153,2,B,FS
5466,S153A000,W153GC00,153,4,B,SS
5466,S153A000,W153GS00,153,0,B,SS
5466,S154A000,W154GB00,154,3,B,FS
5466,S154A000,W154GC00,154,4,B,SS
5466,S154A000,W154GS00,154,0,B,SS
5466,S155A000,W155GB00,155,-4,B,FS
5466,S155A000,W155GC00,155,0,B,SS
5466,S155A000,W155GS00,155,0,B,SS
5466,S161A000,W161GB00,161,4,B,FS
5466,S161A000,W161GS00,161,0,B,SS
5466,S171A000,W171GB00,171,2,B,FS
5466,S171A000,W171GS00,171,0,B,SS
5466,S182A000,W182GB00,182,1,B,FS
5466,S182A000,W182GC00,182,4,B,SS
5466,S182A000,W182GS00,182,0,B,SS
5466,S183A000,W183GB00,183,5,B,FS
5466,S183A000,W183GC00,183,0,B,SS
5466,S183A000,W183GS00,183,0,B,SS
5466,W183GB00,W183GT00,183,1,B,FS
5466,S192A000,W192GB00,192,1,B,FS
5466,S192A000,W192GC00,192,4,B,SS
5466,S192A000,W192GS00,192,0,B,SS
5466,S193A000,W193GB00,193,5,B,FS
5466,S193A000,W193GC00,193,0,B,SS
5466,S193A000,W193GS00,193,0,B,SS
5466,W193GB00,W193GT00,193,1,B,FS
5466,S203A000,W203GA00,203,-4,B,FS
5466,S203A000,W203GC00,203,4,B,SS
5466,S204A000,W204GA00,204,-4,B,FS
5466,S204A000,W204GC00,204,4,B,SS
5466,S205A000,W205GA00,205,-4,B,FS
5466,S205A000,W205GC00,205,4,B,SS
5466,S206A000,W206GA00,206,-4,B,FS
5466,S206A000,W206GC00,206,4,B,SS
5466,S207A000,W207GA00,207,-4,B,FS
5466,S207A000,W207GC00,207,4,B,SS
5466,S208A000,W208GA00,208,-4,B,FS
5466,S208A000,W208GC00,208,4,B,SS
5466,S209A000,W209GA00,209,-4,B,FS
5466,S209A000,W209GC00,209,4,B,SS
5466,E20JP000,W20JOP00,20J,0,P,SS
5466,E20KP000,W20KOP00,20K,0,P,SS
5466,E20LP000,W20LOP00,20L,0,P,SS
5466,E20MP000,W20MOP00,20M,0,P,SS
5466,E20NP000,W20NOP00,20N,0,P,SS
5466,S211A000,W211GA00,211,-4,B,FS
5466,S211A000,W211GC00,211,4,B,SS
5466,S212A000,W212GA00,212,-1,B,FS
5466,S212A000,W212GC00,212,4,B,SS
5466,S221A000,W221GA00,221,-4,B,FS
5466,S221A000,W221GC00,221,4,B,SS
5466,S222A000,W222GA00,222,-4,B,FS
5466,S222A000,W222GC00,222,4,B,SS
5466,S223A000,W223GA00,223,-4,B,FS
5466,S223A000,W223GC00,223,4,B,SS
5466,S224A000,W224GA00,224,-4,B,FS
5466,S224A000,W224GC00,224,4,B,SS
5466,S225A000,W225GA00,225,-4,B,FS
5466,S225A000,W225GC00,225,4,B,SS
5466,S226A000,W226GA00,226,-1,B,FS
5466,S226A000,W226GC00,226,4,B,SS
5466,S226A000,W226GS00,226,0,B,SS
5466,S227A000,W227GA00,227,-4,B,FS
5466,S227A000,W227GC00,227,4,B,SS
5466,S228A000,W228GA00,228,-4,B,FS
5466,S228A000,W228GC00,228,4,B,SS
5466,S228A000,W228GS00,228,0,B,SS
5466,S229A000,W229GA00,229,-4,B,FS
5466,S229A000,W229GC00,229,4,B,SS
5466,E22AP000,W22AOP00,22A,0,P,SS
5466,E22BP000,W22BOP00,22B,0,P,SS
5466,S231A000,W231GA00,231,-4,B,FS
5466,S231A000,W231GC00,231,4,B,SS
5466,S232A000,W232GA00,232,-4,B,FS
5466,S232A000,W232GC00,232,4,B,SS
5466,S233A000,W233GA00,233,-4,B,FS
5466,S233A000,W233GC00,233,4,B,SS
5466,S234A000,W234GA00,234,-4,B,FS
5466,S234A000,W234GC00,234,4,B,SS
5466,S235A000,W235GA00,235,-4,B,FS
5466,S235A000,W235GC00,235,4,B,SS
5466,S236A000,W236GA00,236,-4,B,FS
5466,S236A000,W236GC00,236,4,B,SS
5466,S236A000,W236GS00,236,0,B,SS
5466,S237A000,W237GA00,237,-4,B,FS
5466,S237A000,W237GC00,237,4,B,SS
5466,S238A000,W238GA00,238,-4,B,FS
5466,S238A000,W238GC00,238,4,B,SS
5466,S238A000,W238GS00,238,0,B,SS
5466,S239A000,W239GA00,239,-4,B,FS
5466,S239A000,W239GC00,239,4,B,SS
5466,E23AP000,W23AOP00,23A,0,P,SS
5466,E23BP000,W23BOP00,23B,0,P,SS
5466,S241A000,W241GA00,241,-4,B,FS
5466,S241A000,W241GC00,241,4,B,SS
5466,S242A000,W242GA00,242,-4,B,FS
5466,S242A000,W242GC00,242,4,B,SS
5466,S243A000,W243GA00,243,-4,B,FS
5466,S243A000,W243GC00,243,4,B,SS
5466,S244A000,W244GA00,244,-4,B,FS
5466,S244A000,W244GC00,244,4,B,SS
5466,S251A000,W251GA00,251,-4,B,FS
5466,S251A000,W251GC00,251,4,B,SS
5466,S252A000,W252GA00,252,-4,B,FS
5466,S252A000,W252GC00,252,4,B,SS
5466,S253A000,W253GA00,253,-4,B,FS
5466,S253A000,W253GC00,253,4,B,SS
5466,S254A000,W254GA00,254,-4,B,FS
5466,S254A000,W254GC00,254,4,B,SS
5466,S261A000,W261GA00,261,-4,B,FS
5466,S261A000,W261GC00,261,4,B,SS
5466,S262A000,W262GA00,262,-4,B,FS
5466,S262A000,W262GC00,262,4,B,SS
5466,S263A000,W263GA00,263,-4,B,FS
5466,S263A000,W263GC00,263,4,B,SS
5466,S271A000,W271GA00,271,-4,B,FS
5466,S271A000,W271GC00,271,4,B,SS
5466,S272A000,W272GA00,272,-4,B,FS
5466,S272A000,W272GC00,272,4,B,SS
5466,S273A000,W273GA00,273,-4,B,FS
5466,S273A000,W273GC00,273,4,B,SS
5466,S283A000,W283GA00,283,-4,B,FS
5466,S283A000,W283GC00,283,4,B,SS
5466,S284A000,W284GA00,284,1,B,FS
5466,S284A000,W284GC00,284,4,B,SS
5466,S293A000,W293GA00,293,-4,B,FS
5466,S293A000,W293GC00,293,4,B,SS
5466,S294A000,W294GA00,294,1,B,FS
5466,S294A000,W294GC00,294,4,B,SS
5466,P421BC00,P421BP00,421,1,B,FS
5466,T421O000,W421ON00,421,62,P,SS
5466,S423A000,W423GA00,423,-1,B,FS
5466,S424A000,W424GA00,424,-1,B,FS
5466,S426A000,W426GA00,426,-1,B,FS
5466,S427A000,W427GA00,427,-1,B,FS
5466,S428A000,W428GA00,428,-1,B,FS
5466,P431BC00,P431BP00,431,1,B,FS
5466,T431O000,W431ON00,431,62,P,SS
5466,S433A000,W433GA00,433,-1,B,FS
5466,S434A000,W434GA00,434,-1,B,FS
5466,S436A000,W436GA00,436,-1,B,FS
5466,S437A000,W437GA00,437,-1,B,FS
5466,S438A000,W438GA00,438,-1,B,FS
5466,S441A000,W441GA00,441,-1,B,FS
5466,S442A000,W442GA00,442,-1,B,FS
5466,S443A000,W443GA00,443,-1,B,FS
5466,S451A000,W451GA00,451,-1,B,FS
5466,S452A000,W452GA00,452,-1,B,FS
5466,S453A000,W453GA00,453,-1,B,FS
5466,E50AP000,W50AOP00,50A,0,P,SS
5466,E50BP000,W50BOP00,50B,0,P,SS
5466,E50CP000,W50COP00,50C,0,P,SS
5466,E50DDS00,E50DDG00,50D,-3,E,FS
5466,E50EP000,W50EOP00,50E,0,P,SS
5466,E50FP000,W50FOP00,50F,0,P,SS
5466,E50GP000,W50GOP00,50G,0,P,SS
5466,E50HP000,W50HOP00,50H,0,P,SS
5466,E50JP000,W50JOP00,50J,0,P,SS
5466,E50KP000,W50KOP00,50K,0,P,SS
5466,E50LP000,W50LOP00,50L,0,P,SS
5466,E50MP000,W50MOP00,50M,0,P,SS
5466,E50NP000,W50NOP00,50N,0,P,SS
5466,S521A000,W521GA00,521,-4,B,FS
5466,S521A000,W521GC00,521,4,B,SS
5466,S522A000,W522GA00,522,-1,B,FS
5466,S522A000,W522GC00,522,4,B,SS
5466,S523A000,W523GA00,523,-1,B,FS
5466,S523A000,W523GC00,523,4,B,SS
5466,S524A000,W524GA00,524,-1,B,FS
5466,S524A000,W524GC00,524,4,B,SS
5466,S525A000,W525GA00,525,-1,B,FS
5466,S525A000,W525GC00,525,4,B,SS
5466,S526A000,W526GA00,526,-1,B,FS
5466,S526A000,W526GC00,526,4,B,SS
5466,S527A000,W527GA00,527,-1,B,FS
5466,S527A000,W527GC00,527,4,B,SS
5466,S528A000,W528GA00,528,-4,B,FS
5466,S528A000,W528GC00,528,4,B,SS
5466,S529A000,W529GA00,529,-1,B,FS
5466,S529A000,W529GC00,529,4,B,SS
5466,S531A000,W531GA00,531,-4,B,FS
5466,S531A000,W531GC00,531,4,B,SS
5466,S532A000,W532GA00,532,-1,B,FS
5466,S532A000,W532GC00,532,4,B,SS
5466,S533A000,W533GA00,533,-1,B,FS
5466,S533A000,W533GC00,533,4,B,SS
5466,S534A000,W534GA00,534,-1,B,FS
5466,S534A000,W534GC00,534,4,B,SS
5466,S535A000,W535GA00,535,-1,B,FS
5466,S535A000,W535GC00,535,4,B,SS
5466,S536A000,W536GA00,536,-1,B,FS
5466,S536A000,W536GC00,536,4,B,SS
5466,S537A000,W537GA00,537,-1,B,FS
5466,S537A000,W537GC00,537,4,B,SS
5466,S538A000,W538GA00,538,-4,B,FS
5466,S538A000,W538GC00,538,4,B,SS
5466,S539A000,W539GA00,539,-1,B,FS
5466,S539A000,W539GC00,539,4,B,SS
5466,S541A000,W541GA00,541,-1,B,FS
5466,S541A000,W541GC00,541,4,B,SS
5466,S542A000,W542GA00,542,-4,B,FS
5466,S542A000,W542GC00,542,4,B,SS
5466,S543A000,W543GA00,543,-4,B,FS
5466,S543A000,W543GC00,543,4,B,SS
5466,S544A000,W544GA00,544,-1,B,FS
5466,S544A000,W544GC00,544,4,B,SS
5466,S551A000,W551GA00,551,-1,B,FS
5466,S551A000,W551GC00,551,4,B,SS
5466,S552A000,W552GA00,552,-4,B,FS
5466,S552A000,W552GC00,552,4,B,SS
5466,S553A000,W553GA00,553,-4,B,FS
5466,S553A000,W553GC00,553,4,B,SS
5466,S554A000,W554GA00,554,-1,B,FS
5466,S554A000,W554GC00,554,4,B,SS
5466,S561A000,W561GA00,561,1,B,FS
5466,S561A000,W561GC00,561,4,B,SS
5466,S571A000,W571GA00,571,1,B,FS
5466,S571A000,W571GC00,571,4,B,SS
5466,S621A000,W621GA00,621,1,B,FS
5466,S621A000,W621GC00,621,4,B,SS
5466,S622A000,W622GA00,622,1,B,FS
5466,S622A000,W622GC00,622,4,B,SS
5466,S623A000,W623GA00,623,-4,B,FS
5466,S623A000,W623GC00,623,4,B,SS
5466,S624A000,W624GA00,624,-4,B,FS
5466,S624A000,W624GC00,624,4,B,SS
5466,S625A000,W625GA00,625,-4,B,FS
5466,S625A000,W625GC00,625,4,B,SS
5466,S626A000,W626GA00,626,-1,B,FS
5466,S626A000,W626GC00,626,4,B,SS
5466,S627A000,W627GA00,627,-1,B,FS
5466,S627A000,W627GC00,627,4,B,SS
5466,S628A000,W628GA00,628,-1,B,FS
5466,S628A000,W628GC00,628,4,B,SS
5466,S629A000,W629GA00,629,-4,B,FS
5466,S629A000,W629GC00,629,4,B,SS
5466,E62AP000,W62AOP00,62A,0,P,SS
5466,E62CP000,W62COP00,62C,0,P,SS
5466,E62DP000,W62DOP00,62D,0,P,SS
5466,E62EP000,W62EOP00,62E,0,P,SS
5466,E62FP000,W62FOP00,62F,0,P,SS
5466,E62GP000,W62GOP00,62G,0,P,SS
5466,E62HP000,W62HOP00,62H,0,P,SS
5466,S631A000,W631GA00,631,1,B,FS
5466,S631A000,W631GC00,631,4,B,SS
5466,S632A000,W632GA00,632,1,B,FS
5466,S632A000,W632GC00,632,4,B,SS
5466,S633A000,W633GA00,633,-4,B,FS
5466,S633A000,W633GC00,633,4,B,SS
5466,S634A000,W634GA00,634,-4,B,FS
5466,S634A000,W634GC00,634,4,B,SS
5466,S635A000,W635GA00,635,-4,B,FS
5466,S635A000,W635GC00,635,4,B,SS
5466,S636A000,W636GA00,636,-1,B,FS
5466,S636A000,W636GC00,636,4,B,SS
5466,S637A000,W637GA00,637,-1,B,FS
5466,S637A000,W637GC00,637,4,B,SS
5466,S638A000,W638GA00,638,-1,B,FS
5466,S638A000,W638GC00,638,4,B,SS
5466,S639A000,W639GA00,639,-4,B,FS
5466,S639A000,W639GC00,639,4,B,SS
5466,E63AP000,W63AOP00,63A,0,P,SS
5466,E63CP000,W63COP00,63C,0,P,SS
5466,E63DP000,W63DOP00,63D,0,P,SS
5466,E63EP000,W63EOP00,63E,0,P,SS
5466,E63FP000,W63FOP00,63F,0,P,SS
5466,E63GP000,W63GOP00,63G,0,P,SS
5466,E63HP000,W63HOP00,63H,0,P,SS
5466,S641A000,W641GA00,641,-4,B,FS
5466,S641A000,W641GC00,641,4,B,SS
5466,S642A000,W642GA00,642,-4,B,FS
5466,S642A000,W642GC00,642,4,B,SS
5466,S643A000,W643GA00,643,-4,B,FS
5466,S643A000,W643GC00,643,4,B,SS
5466,S644A000,W644GA00,644,-4,B,FS
5466,S644A000,W644GC00,644,4,B,SS
5466,S651A000,W651GA00,651,-4,B,FS
5466,S651A000,W651GC00,651,4,B,SS
5466,S652A000,W652GA00,652,-4,B,FS
5466,S652A000,W652GC00,652,4,B,SS
5466,S653A000,W653GA00,653,-4,B,FS
5466,S653A000,W653GC00,653,4,B,SS
5466,S654A000,W654GA00,654,-4,B,FS
5466,S654A000,W654GC00,654,4,B,SS
5466,S661A000,W661GA00,661,1,B,FS
5466,S661A000,W661GC00,661,4,B,SS
5466,S671A000,W671GA00,671,1,B,FS
5466,S671A000,W671GC00,671,4,B,SS
5466,S721A000,W721GA00,721,-1,B,FS
5466,P721BP00,W721GL00,721,1,B,FS
5466,S722A000,W722GA00,722,-1,B,FS
5466,S723A000,W723GA00,723,-4,B,FS
5466,S723A000,W723GC00,723,4,B,SS
5466,S724A000,W724GA00,724,-4,B,FS
5466,S725A000,W725GA00,725,-4,B,FS
5466,S726A000,W726GA00,726,-4,B,FS
5466,S726A000,W726GC00,726,4,B,SS
5466,S727A000,W727GA00,727,-4,B,FS
5466,S728A000,W728GA00,728,-4,B,FS
5466,S728A000,W728GC00,728,4,B,SS
5466,S729A000,W729GA00,729,-4,B,FS
5466,S731A000,W731GA00,731,-1,B,FS
5466,P731BP00,W731GL00,731,1,B,FS
5466,S732A000,W732GA00,732,-1,B,FS
5466,S733A000,W733GA00,733,-4,B,FS
5466,S733A000,W733GC00,733,4,B,SS
5466,S734A000,W734GA00,734,-4,B,FS
5466,S735A000,W735GA00,735,-4,B,FS
5466,S736A000,W736GA00,736,-1,B,FS
5466,S736A000,W736GC00,736,4,B,SS
5466,S737A000,W737GA00,737,-4,B,FS
5466,S738A000,W738GA00,738,-4,B,FS
5466,S738A000,W738GC00,738,4,B,SS
5466,S739A000,W739GA00,739,-4,B,FS
5466,S741A000,W741GA00,741,-4,B,FS
5466,S742A000,W742GA00,742,-4,B,FS
5466,S742A000,W742GC00,742,4,B,SS
5466,S743A000,W743GA00,743,-1,B,FS
5466,S743A000,W743GC00,743,4,B,SS
5466,S744A000,W744GA00,744,-4,B,FS
5466,S751A000,W751GA00,751,-4,B,FS
5466,S752A000,W752GA00,752,-4,B,FS
5466,S752A000,W752GC00,752,4,B,SS
5466,S753A000,W753GA00,753,-1,B,FS
5466,S753A000,W753GC00,753,4,B,SS
5466,S754A000,W754GA00,754,-4,B,FS
5466,S801A000,W801GA00,801,-1,B,FS
5466,S801A000,W801GC00,801,4,B,SS
5466,S802A000,W802GA00,802,-1,B,FS
5466,S802A000,W802GS00,802,0,B,SS
5466,S803A000,W803GA00,803,-1,B,FS
5466,S804A000,W804GA00,804,-1,B,FS
5466,S805A000,W805GA00,805,-1,B,FS
5466,E80AP000,W80AOP00,80A,0,P,SS
5466,E80BP000,W80BOP00,80B,0,P,SS
5466,E80CP000,W80COP00,80C,0,P,SS
5466,E80DP000,W80DOP00,80D,0,P,SS
5466,S811A000,W811GA00,811,-4,B,FS
5466,S812A000,W812GA00,812,-19,B,FS
5466,S822A000,W822GA00,822,-1,B,FS
5466,S822A000,W822GC00,822,4,B,SS
5466,S823A000,W823GA00,823,-4,B,FS
5466,S823A000,W823GC00,823,4,B,SS
5466,S823A000,W823GS00,823,0,B,SS
5466,S824A000,W824GA00,824,-4,B,FS
5466,S824A000,W824GC00,824,4,B,SS
5466,S825A000,W825GA00,825,-1,B,FS
5466,S825A000,W825GC00,825,4,B,SS
5466,S825A000,W825GS00,825,0,B,SS
5466,S826A000,W826GA00,826,-1,B,FS
5466,S826A000,W826GC00,826,4,B,SS
5466,S826A000,W826GS00,826,0,B,SS
5466,S832A000,W832GA00,832,-1,B,FS
5466,S832A000,W832GC00,832,4,B,SS
5466,S833A000,W833GA00,833,-4,B,FS
5466,S833A000,W833GC00,833,4,B,SS
5466,S834A000,W834GA00,834,-4,B,FS
5466,S834A000,W834GC00,834,4,B,SS
5466,S835A000,W835GA00,835,-1,B,FS
5466,S835A000,W835GC00,835,4,B,SS
5466,S836A000,W836GA00,836,-1,B,FS
5466,S836A000,W836GC00,836,4,B,SS
5466,S836A000,W836GS00,836,0,B,SS
5466,S8X1A000,W8X1GA00,8X1,-19,B,FS
5466,S904A000,W904GB00,904,-6,B,FS
5466,S905A000,W905GB00,905,-6,B,FS
5466,S906A000,W906GB00,906,-6,B,FS
5466,E90AP000,W90AOP00,90A,0,P,SS
5466,S910A000,W910GB00,910,-34,B,FS
5466,S913A000,W913GB00,913,-6,B,FS
5466,S914A000,W914GB00,914,-6,B,FS
5466,E91AP000,W91AOP00,91A,0,P,SS
5466,S921A000,W921GB00,921,-6,B,FS
5466,S922A000,W922GB00,922,-6,B,FS
5466,S923A000,W923GB00,923,-6,B,FS
5466,S931A000,W931GB00,931,-6,B,FS
5466,S932A000,W932GB00,932,-6,B,FS
5466,S933A000,W933GB00,933,-6,B,FS
5466,S941A000,W941GB00,941,-6,B,FS
5466,S942A000,W942GB00,942,-6,B,FS
5466,S951A000,W951GB00,951,-6,B,FS
5466,S952A000,W952GB00,952,-6,B,FS
5466,S981A000,W981GB00,981,-31,B,FS
5466,S991A000,W991GB00,991,-31,B,FS
5466,S9X1A000,W9X1GB00,9X1,-19,B,FS
5466,W101GB00,Z101ZBI0,101,3,B,FS
5466,P101BP00,Z101ZBR0,101,1,B,FS
5466,P102BC00,P102BP00,102,1,B,FS
5466,P102BP00,Z102ZBR0,102,1,B,FS
5466,Z104ZDI0,E104DS00,104,1,E,FS
5466,E104DS00,E104DG00,104,-3,E,FS
5466,Z105ZDI0,E105DS00,105,1,E,FS
5466,E105DS00,E105DG00,105,-3,E,FS
5466,W106GB00,Z106ZBI0,106,1,B,FS
5466,P106BP00,Z106ZBR0,106,1,B,FS
5466,Z107ZDI0,E107DS00,107,1,E,FS
5466,E107DS00,E107DG00,107,-3,E,FS
5466,W108GB00,Z108ZBI0,108,5,B,FS
5466,P108BP00,Z108ZBR0,108,1,B,FS
5466,W109GB00,Z109ZBI0,109,5,B,FS
5466,P109BP00,Z109ZBR0,109,1,B,FS
5466,E10AP000,A10AO000,10A,0,P,SS
5466,P10APP00,Z10AZPR0,10A,1,P,FS
5466,E10CP000,Z10CZPI0,10C,0,P,SS
5466,P10CPP00,Z10CZPR0,10C,1,P,FS
5466,E10FP000,Z10FZPI0,10F,0,P,SS
5466,P10FPP00,Z10FZPR0,10F,1,P,FS
5466,E10HP000,Z10HZPI0,10H,0,P,SS
5466,E10HP000,Z10HZPR0,10H,1,P,FS
5466,W110GB00,Z110ZBI0,110,2,B,FS
5466,P110BP00,Z110ZBR0,110,1,B,FS
5466,W111GB00,Z111ZBI0,111,3,B,FS
5466,P111BP00,Z111ZBR0,111,1,B,FS
5466,W113GB00,Z113ZBI0,113,2,B,FS
5466,P113BP00,Z113ZBR0,113,1,B,FS
5466,E11AP000,Z11AZPI0,11A,0,P,SS
5466,P11APP00,Z11AZPR0,11A,1,P,FS
5466,P11BBC00,P11BBP00,11B,1,P,FS
5466,P11BBP00,Z11BZBR0,11B,1,P,FS
5466,E11HP000,Z11HZPI0,11H,0,P,SS
5466,P11HPP00,Z11HZPR0,11H,1,P,FS
5466,W122GB00,Z122ZBI0,122,2,B,FS
5466,P122BP00,Z122ZBR0,122,1,B,FS
5466,W123GB00,Z123ZBI0,123,1,B,FS
5466,P123BP00,Z123ZBR0,123,1,B,FS
5466,W124GB00,Z124ZBI0,124,1,B,FS
5466,P124BP00,Z124ZBR0,124,1,B,FS
5466,W125GB00,Z125ZBI0,125,1,B,FS
5466,P125BP00,Z125ZBR0,125,1,B,FS
5466,E12DP000,Z12DZPI0,12D,0,P,SS
5466,P12DPP00,Z12DZPR0,12D,1,P,FS
5466,E12EP000,Z12EZPI0,12E,0,P,SS
5466,P12EPP00,Z12EZPR0,12E,1,P,FS
5466,W132GB00,Z132ZBI0,132,3,B,FS
5466,P132BP00,Z132ZBR0,132,1,B,FS
5466,W133GB00,Z133ZBI0,133,2,B,FS
5466,P133BP00,Z133ZBR0,133,1,B,FS
5466,W134GB00,Z134ZBI0,134,1,B,FS
5466,P134BP00,Z134ZBR0,134,1,B,FS
5466,W135GB00,Z135ZBI0,135,2,B,FS
5466,P135BP00,Z135ZBR0,135,1,B,FS
5466,E13DP000,Z13DZPI0,13D,0,P,SS
5466,P13DPP00,Z13DZPR0,13D,1,P,FS
5466,E13EP000,Z13EZPI0,13E,0,P,SS
5466,P13EPP00,Z13EZPR0,13E,1,P,FS
5466,W142GB00,Z142ZBI0,142,1,B,FS
5466,P142BP00,Z142ZBR0,142,1,B,FS
5466,W143GB00,Z143ZBI0,143,2,B,FS
5466,P143BP00,Z143ZBR0,143,1,B,FS
5466,W144GB00,Z144ZBI0,144,2,B,FS
5466,P144BP00,Z144ZBR0,144,1,B,FS
5466,W145GB00,Z145ZBI0,145,1,B,FS
5466,P145BP00,Z145ZBR0,145,1,B,FS
5466,W152GB00,Z152ZBI0,152,1,B,FS
5466,P152BP00,Z152ZBR0,152,1,B,FS
5466,W153GB00,Z153ZBI0,153,4,B,FS
5466,P153BP00,Z153ZBR0,153,1,B,FS
5466,W154GB00,Z154ZBI0,154,4,B,FS
5466,P154BP00,Z154ZBR0,154,1,B,FS
5466,W155GB00,Z155ZBI0,155,2,B,FS
5466,P155BP00,Z155ZBR0,155,1,B,FS
5466,W161GB00,Z161ZBI0,161,3,B,FS
5466,P161BP00,Z161ZBR0,161,1,B,FS
5466,W171GB00,Z171ZBI0,171,2,B,FS
5466,P171BP00,Z171ZBR0,171,1,B,FS
5466,W182GB00,Z182ZBI0,182,1,B,FS
5466,P182BP00,Z182ZBR0,182,1,B,FS
5466,W183GT00,Z183ZBI0,183,2,B,FS
5466,P183BP00,Z183ZBR0,183,1,B,FS
5466,W192GB00,Z192ZBI0,192,1,B,FS
5466,P192BP00,Z192ZBR0,192,1,B,FS
5466,W193GT00,Z193ZBI0,193,2,B,FS
5466,P193BP00,Z193ZBR0,193,1,B,FS
5466,E20JP000,Z20JZPI0,20J,0,P,SS
5466,P20JPP00,Z20JZPR0,20J,1,P,FS
5466,E20KP000,Z20KZPI0,20K,0,P,SS
5466,P20KPP00,Z20KZPR0,20K,1,P,FS
5466,E20LP000,Z20LZPI0,20L,0,P,SS
5466,P20LPP00,Z20LZPR0,20L,1,P,FS
5466,E20MP000,Z20MZPI0,20M,0,P,SS
5466,P20MPP00,Z20MZPR0,20M,1,P,FS
5466,E20NP000,Z20NZPI0,20N,0,P,SS
5466,P20NPP00,Z20NZPR0,20N,1,P,FS
5466,W224GA00,Z224ZBI0,224,1,B,FS
5466,P224BP00,Z224ZBR0,224,1,B,FS
5466,W225GA00,Z225ZBI0,225,3,B,FS
5466,P225BP00,Z225ZBR0,225,1,B,FS
5466,W226GA00,Z226ZBI0,226,2,B,FS
5466,P226BP00,Z226ZBR0,226,1,B,FS
5466,W227GA00,Z227ZBI0,227,5,B,FS
5466,P227BP00,Z227ZBR0,227,1,B,FS
5466,W228GA00,Z228ZBI0,228,6,B,FS
5466,P228BP00,Z228ZBR0,228,1,B,FS
5466,W229GA00,Z229ZBI0,229,4,B,FS
5466,P229BP00,Z229ZBR0,229,1,B,FS
5466,E22AP000,Z22AZPI0,22A,0,P,SS
5466,P22APP00,Z22AZPR0,22A,1,P,FS
5466,E22BP000,Z22BZPI0,22B,0,P,SS
5466,P22BPP00,Z22BZPR0,22B,1,P,FS
5466,W234GA00,Z234ZBI0,234,1,B,FS
5466,P234BP00,Z234ZBR0,234,1,B,FS
5466,W235GA00,Z235ZBI0,235,3,B,FS
5466,P235BP00,Z235ZBR0,235,1,B,FS
5466,W236GA00,Z236ZBI0,236,4,B,FS
5466,P236BP00,Z236ZBR0,236,1,B,FS
5466,W237GA00,Z237ZBI0,237,5,B,FS
5466,P237BP00,Z237ZBR0,237,1,B,FS
5466,W238GA00,Z238ZBI0,238,6,B,FS
5466,P238BP00,Z238ZBR0,238,1,B,FS
5466,W239GA00,Z239ZBI0,239,3,B,FS
5466,P239BP00,Z239ZBR0,239,1,B,FS
5466,E23AP000,Z23AZPI0,23A,0,P,SS
5466,P23APP00,Z23AZPR0,23A,1,P,FS
5466,E23BP000,Z23BZPI0,23B,0,P,SS
5466,P23BPP00,Z23BZPR0,23B,1,P,FS
5466,W241GA00,Z241ZBI0,241,4,B,FS
5466,P241BP00,Z241ZBR0,241,1,B,FS
5466,W242GA00,Z242ZBI0,242,6,B,FS
5466,P242BP00,Z242ZBR0,242,1,B,FS
5466,W251GA00,Z251ZBI0,251,4,B,FS
5466,P251BP00,Z251ZBR0,251,1,B,FS
5466,W252GA00,Z252ZBI0,252,5,B,FS
5466,P252BP00,Z252ZBR0,252,1,B,FS
5466,W261GA00,Z261ZBI0,261,1,B,FS
5466,P261BP00,Z261ZBR0,261,1,B,FS
5466,W262GA00,Z262ZBI0,262,1,B,FS
5466,P262BP00,Z262ZBR0,262,1,B,FS
5466,W263GA00,Z263ZBI0,263,2,B,FS
5466,P263BP00,Z263ZBR0,263,1,B,FS
5466,W271GA00,Z271ZBI0,271,1,B,FS
5466,P271BP00,Z271ZBR0,271,1,B,FS
5466,W272GA00,Z272ZBI0,272,1,B,FS
5466,P272BP00,Z272ZBR0,272,1,B,FS
5466,W273GA00,Z273ZBI0,273,2,B,FS
5466,P273BP00,Z273ZBR0,273,1,B,FS
5466,W283GA00,Z283ZBI0,283,2,B,FS
5466,P283BP00,Z283ZBR0,283,1,B,FS
5466,W284GA00,Z284ZBI0,284,2,B,FS
5466,P284BP00,Z284ZBR0,284,1,B,FS
5466,W293GA00,Z293ZBI0,293,2,B,FS
5466,P293BP00,Z293ZBR0,293,1,B,FS
5466,W294GA00,Z294ZBI0,294,2,B,FS
5466,P294BP00,Z294ZBR0,294,1,B,FS
5466,E50AP000,Z50AZPI0,50A,0,P,SS
5466,P50APP00,Z50AZPR0,50A,1,P,FS
5466,E50BP000,Z50BZPI0,50B,0,P,SS
5466,P50BPP00,Z50BZPR0,50B,1,P,FS
5466,E50CP000,Z50CZPI0,50C,0,P,SS
5466,P50CPP00,Z50CZPR0,50C,1,P,FS
5466,E50EP000,Z50EZPI0,50E,0,P,SS
5466,E50FP000,Z50FZPI0,50F,0,P,SS
5466,P50FPP00,Z50FZPR0,50F,1,P,FS
5466,E50GP000,Z50GZPI0,50G,0,P,SS
5466,E50HP000,Z50HZPI0,50H,0,P,SS
5466,P50HPP00,Z50HZPR0,50H,1,P,FS
5466,E50KP000,Z50KZPI0,50K,0,P,SS
5466,P50KPP00,Z50KZPR0,50K,1,P,FS
5466,E50LP000,Z50LZPI0,50L,0,P,SS
5466,P50LPP00,Z50LZPR0,50L,1,P,FS
5466,E50MP000,Z50MZPI0,50M,0,P,SS
5466,P50MPP00,Z50MZPR0,50M,1,P,FS
5466,E50NP000,Z50NZPI0,50N,0,P,SS
5466,P50NPP00,Z50NZPR0,50N,1,P,FS
5466,W521GA00,Z521ZBI0,521,1,B,FS
5466,P521BP00,Z521ZBR0,521,1,B,FS
5466,W522GA00,Z522ZBI0,522,5,B,FS
5466,P522BP00,Z522ZBR0,522,1,B,FS
5466,W523GA00,Z523ZBI0,523,3,B,FS
5466,P523BP00,Z523ZBR0,523,1,B,FS
5466,W524GA00,Z524ZBI0,524,6,B,FS
5466,P524BP00,Z524ZBR0,524,1,B,FS
5466,W525GA00,Z525ZBI0,525,4,B,FS
5466,P525BP00,Z525ZBR0,525,1,B,FS
5466,W526GA00,Z526ZBI0,526,6,B,FS
5466,P526BP00,Z526ZBR0,526,1,B,FS
5466,W527GA00,Z527ZBI0,527,4,B,FS
5466,P527BP00,Z527ZBR0,527,1,B,FS
5466,W528GA00,Z528ZBI0,528,4,B,FS
5466,P528BP00,Z528ZBR0,528,1,B,FS
5466,W529GA00,Z529ZBI0,529,6,B,FS
5466,P529BP00,Z529ZBR0,529,1,B,FS
5466,W531GA00,Z531ZBI0,531,1,B,FS
5466,P531BP00,Z531ZBR0,531,1,B,FS
5466,W532GA00,Z532ZBI0,532,5,B,FS
5466,P532BP00,Z532ZBR0,532,1,B,FS
5466,W533GA00,Z533ZBI0,533,3,B,FS
5466,P533BP00,Z533ZBR0,533,1,B,FS
5466,W534GA00,Z534ZBI0,534,6,B,FS
5466,P534BP00,Z534ZBR0,534,1,B,FS
5466,W535GA00,Z535ZBI0,535,5,B,FS
5466,P535BP00,Z535ZBR0,535,1,B,FS
5466,W536GA00,Z536ZBI0,536,6,B,FS
5466,P536BP00,Z536ZBR0,536,1,B,FS
5466,W537GA00,Z537ZBI0,537,4,B,FS
5466,P537BP00,Z537ZBR0,537,1,B,FS
5466,W538GA00,Z538ZBI0,538,4,B,FS
5466,P538BP00,Z538ZBR0,538,1,B,FS
5466,W539GA00,Z539ZBI0,539,6,B,FS
5466,P539BP00,Z539ZBR0,539,1,B,FS
5466,W541GA00,Z541ZBI0,541,6,B,FS
5466,P541BP00,Z541ZBR0,541,1,B,FS
5466,W542GA00,Z542ZBI0,542,2,B,FS
5466,P542BP00,Z542ZBR0,542,1,B,FS
5466,W543GA00,Z543ZBI0,543,2,B,FS
5466,P543BP00,Z543ZBR0,543,1,B,FS
5466,W544GA00,Z544ZBI0,544,6,B,FS
5466,P544BP00,Z544ZBR0,544,1,B,FS
5466,W551GA00,Z551ZBI0,551,6,B,FS
5466,P551BP00,Z551ZBR0,551,1,B,FS
5466,W552GA00,Z552ZBI0,552,2,B,FS
5466,P552BP00,Z552ZBR0,552,1,B,FS
5466,W553GA00,Z553ZBI0,553,2,B,FS
5466,P553BP00,Z553ZBR0,553,1,B,FS
5466,W554GA00,Z554ZBI0,554,6,B,FS
5466,P554BP00,Z554ZBR0,554,1,B,FS
5466,W561GA00,Z561ZBI0,561,2,B,FS
5466,P561BP00,Z561ZBR0,561,1,B,FS
5466,W571GA00,Z571ZBI0,571,2,B,FS
5466,P571BP00,Z571ZBR0,571,1,B,FS
5466,W621GA00,Z621ZBI0,621,2,B,FS
5466,P621BP00,Z621ZBR0,621,1,B,FS
5466,W622GA00,Z622ZBI0,622,4,B,FS
5466,P622BP00,Z622ZBR0,622,1,B,FS
5466,W623GA00,Z623ZBI0,623,2,B,FS
5466,P623BP00,Z623ZBR0,623,1,B,FS
5466,W624GA00,Z624ZBI0,624,2,B,FS
5466,P624BP00,Z624ZBR0,624,1,B,FS
5466,W625GA00,Z625ZBI0,625,2,B,FS
5466,P625BP00,Z625ZBR0,625,1,B,FS
5466,W626GA00,Z626ZBI0,626,3,B,FS
5466,P626BP00,Z626ZBR0,626,1,B,FS
5466,W627GA00,Z627ZBI0,627,2,B,FS
5466,P627BP00,Z627ZBR0,627,1,B,FS
5466,W628GA00,Z628ZBI0,628,6,B,FS
5466,P628BP00,Z628ZBR0,628,1,B,FS
5466,W629GA00,Z629ZBI0,629,2,B,FS
5466,P629BP00,Z629ZBR0,629,1,B,FS
5466,E62AP000,Z62AZPI0,62A,0,P,SS
5466,P62APP00,Z62AZPR0,62A,1,P,FS
5466,E62CP000,Z62CZPI0,62C,0,P,SS
5466,P62CPP00,Z62CZPR0,62C,1,P,FS
5466,E62DP000,Z62DZPI0,62D,0,P,SS
5466,P62DPP00,Z62DZPR0,62D,1,P,FS
5466,E62EP000,Z62EZPI0,62E,0,P,SS
5466,P62EPP00,Z62EZPR0,62E,1,P,FS
5466,E62FP000,Z62FZPI0,62F,0,P,SS
5466,P62FPP00,Z62FZPR0,62F,1,P,FS
5466,E62GP000,Z62GZPI0,62G,0,P,SS
5466,P62GPP00,Z62GZPR0,62G,1,P,FS
5466,E62HP000,Z62HZPI0,62H,0,P,SS
5466,P62HPP00,Z62HZPR0,62H,1,P,FS
5466,W631GA00,Z631ZBI0,631,2,B,FS
5466,P631BP00,Z631ZBR0,631,1,B,FS
5466,W632GA00,Z632ZBI0,632,4,B,FS
5466,P632BP00,Z632ZBR0,632,1,B,FS
5466,W633GA00,Z633ZBI0,633,2,B,FS
5466,P633BP00,Z633ZBR0,633,1,B,FS
5466,W634GA00,Z634ZBI0,634,2,B,FS
5466,P634BP00,Z634ZBR0,634,1,B,FS
5466,W635GA00,Z635ZBI0,635,2,B,FS
5466,P635BP00,Z635ZBR0,635,1,B,FS
5466,W636GA00,Z636ZBI0,636,3,B,FS
5466,P636BP00,Z636ZBR0,636,1,B,FS
5466,W637GA00,Z637ZBI0,637,2,B,FS
5466,P637BP00,Z637ZBR0,637,1,B,FS
5466,W638GA00,Z638ZBI0,638,6,B,FS
5466,P638BP00,Z638ZBR0,638,1,B,FS
5466,W639GA00,Z639ZBI0,639,2,B,FS
5466,P639BP00,Z639ZBR0,639,1,B,FS
5466,E63AP000,Z63AZPI0,63A,0,P,SS
5466,P63APP00,Z63AZPR0,63A,1,P,FS
5466,E63CP000,Z63CZPI0,63C,0,P,SS
5466,P63CPP00,Z63CZPR0,63C,1,P,FS
5466,E63DP000,Z63DZPI0,63D,0,P,SS
5466,P63DPP00,Z63DZPR0,63D,1,P,FS
5466,E63EP000,Z63EZPI0,63E,0,P,SS
5466,P63EPP00,Z63EZPR0,63E,1,P,FS
5466,E63FP000,Z63FZPI0,63F,0,P,SS
5466,P63FPP00,Z63FZPR0,63F,1,P,FS
5466,E63GP000,Z63GZPI0,63G,0,P,SS
5466,P63GPP00,Z63GZPR0,63G,1,P,FS
5466,E63HP000,Z63HZPI0,63H,0,P,SS
5466,P63HPP00,Z63HZPR0,63H,1,P,FS
5466,W641GA00,Z641ZBI0,641,2,B,FS
5466,P641BP00,Z641ZBR0,641,1,B,FS
5466,W642GA00,Z642ZBI0,642,2,B,FS
5466,P642BP00,Z642ZBR0,642,1,B,FS
5466,W643GA00,Z643ZBI0,643,2,B,FS
5466,P643BP00,Z643ZBR0,643,1,B,FS
5466,W644GA00,Z644ZBI0,644,2,B,FS
5466,P644BP00,Z644ZBR0,644,1,B,FS
5466,W651GA00,Z651ZBI0,651,2,B,FS
5466,P651BP00,Z651ZBR0,651,1,B,FS
5466,W652GA00,Z652ZBI0,652,3,B,FS
5466,P652BP00,Z652ZBR0,652,1,B,FS
5466,W653GA00,Z653ZBI0,653,2,B,FS
5466,P653BP00,Z653ZBR0,653,1,B,FS
5466,W654GA00,Z654ZBI0,654,2,B,FS
5466,P654BP00,Z654ZBR0,654,1,B,FS
5466,W661GA00,Z661ZBI0,661,1,B,FS
5466,P661BP00,Z661ZBR0,661,1,B,FS
5466,W671GA00,Z671ZBI0,671,2,B,FS
5466,P671BP00,Z671ZBR0,671,1,B,FS
5466,W801GA00,Z801ZBI0,801,2,B,FS
5466,W802GA00,Z802ZBI0,802,4,B,FS
5466,P802BP00,Z802ZBR0,802,1,B,FS
5466,W805GA00,Z805ZBI0,805,7,B,FS
5466,P805BP00,Z805ZBR0,805,1,B,FS
5466,E80AP000,Z80AZPI0,80A,0,P,SS
5466,P80APP00,Z80AZPR0,80A,1,P,FS
5466,E80BP000,Z80BZPI0,80B,0,P,SS
5466,P80BPP00,Z80BZPR0,80B,1,P,FS
5466,E80CP000,Z80CZPI0,80C,0,P,SS
5466,P80CPP00,Z80CZPR0,80C,1,P,FS
5466,E80DP000,Z80DZPI0,80D,0,P,SS
5466,P80DPP00,Z80DZPR0,80D,1,P,FS
5466,W822GA00,Z822ZBI0,822,2,B,FS
5466,P822BP00,Z822ZBR0,822,1,B,FS
5466,W823GA00,Z823ZBI0,823,2,B,FS
5466,P823BP00,Z823ZBR0,823,1,B,FS
5466,W824GA00,Z824ZBI0,824,3,B,FS
5466,P824BP00,Z824ZBR0,824,1,B,FS
5466,W825GA00,Z825ZBI0,825,2,B,FS
5466,P825BP00,Z825ZBR0,825,1,B,FS
5466,W826GA00,Z826ZBI0,826,2,B,FS
5466,P826BP00,Z826ZBR0,826,1,B,FS
5466,W832GA00,Z832ZBI0,832,2,B,FS
5466,P832BP00,Z832ZBR0,832,1,B,FS
5466,W833GA00,Z833ZBI0,833,2,B,FS
5466,P833BP00,Z833ZBR0,833,1,B,FS
5466,W834GA00,Z834ZBI0,834,2,B,FS
5466,P834BP00,Z834ZBR0,834,1,B,FS
5466,W835GA00,Z835ZBI0,835,2,B,FS
5466,P835BP00,Z835ZBR0,835,1,B,FS
5466,W836GA00,Z836ZBI0,836,2,B,FS
5466,P836BP00,Z836ZBR0,836,1,B,FS
5466,E90AP000,Z90AZPI0,90A,0,P,SS
5466,E91AP000,Z91AZPI0,91A,0,P,SS
5466,Z11AZPR0,E11AD11A,11A,3,D,FS
5466,Z104ZBR0,E104D104,104,0,D,FS
5466,W105ON00,E105D105,105,-1,D,FS
5466,W107ON00,E107D107,107,-1,D,FS
5466,Z10FZPR0,E10FD10F,10F,0,D,FS
5466,Z12DZPR0,E12DD12D,12D,3,D,FS
5466,Z12EZPR0,E12ED12E,12E,2,D,FS
5466,Z13DZPR0,E13DD13D,13D,2,D,FS
5466,Z13EZPR0,E13ED13E,13E,1,D,FS
5466,P203BP00,E203D203,203,1,D,FS
5466,P204BP00,E204D204,204,1,D,FS
5466,P205BP00,E205D205,205,3,D,FS
5466,P206BP00,E206D206,206,3,D,FS
5466,P207BP00,E207D207,207,3,D,FS
5466,P208BP00,E208D208,208,2,D,FS
5466,Z20JZPR0,E20JD20J,20J,1,D,FS
5466,Z20KZPR0,E20KD20K,20K,1,D,FS
5466,Z20LZPR0,E20LD20L,20L,1,D,FS
5466,Z20MZPR0,E20MD20M,20M,1,D,FS
5466,Z20NZPR0,E20ND20N,20N,2,D,FS
5466,Z22AZPR0,E22AD22A,22A,3,D,FS
5466,Z22BZPR0,E22BD22B,22B,2,D,FS
5466,Z23AZPR0,E23AD23A,23A,3,D,FS
5466,Z23BZPR0,E23BD23B,23B,2,D,FS
5466,Z50AZPR0,E50AD50A,50A,0,D,FS
5466,Z50BZPR0,E50BD50B,50B,0,D,FS
5466,Z50CZPR0,E50CD50C,50C,2,D,FS
5466,E50DPM00,E50DD50D,50D,0,D,FS
5466,E50EPM00,E50ED50E,50E,0,D,FS
5466,Z50FZPR0,E50FD50F,50F,0,D,FS
5466,E50GPM00,E50GD50G,50G,0,D,FS
5466,Z50HZPR0,E50HD50H,50H,1,D,FS
5466,Z622ZBR0,E622D622,622,2,D,FS
5466,Z62AZPR0,E62AD62A,62A,4,D,FS
5466,Z62CZPR0,E62CD62C,62C,5,D,FS
5466,Z62DZPR0,E62DD62D,62D,2,D,FS
5466,Z62EZPR0,E62ED62E,62E,4,D,FS
5466,Z62FZPR0,E62FD62F,62F,3,D,FS
5466,Z62GZPR0,E62GD62G,62G,1,D,FS
5466,Z62HZPR0,E62HD62H,62H,1,D,FS
5466,Z632ZBR0,E632D632,632,2,D,FS
5466,Z63AZPR0,E63AD63A,63A,4,D,FS
5466,Z63CZPR0,E63CD63C,63C,5,D,FS
5466,Z63DZPR0,E63DD63D,63D,2,D,FS
5466,Z63EZPR0,E63ED63E,63E,4,D,FS
5466,Z63FZPR0,E63FD63F,63F,3,D,FS
5466,Z63GZPR0,E63GD63G,63G,1,D,FS
5466,Z63HZPR0,E63HD63H,63H,1,D,FS
5466,W723GA00,E723D723,723,3,D,FS
5466,W724GA00,E724D724,724,5,D,FS
5466,W725GA00,E725D725,725,7,D,FS
5466,W726GA00,E726D726,726,10,D,FS
5466,W727GA00,E727D727,727,4,D,FS
5466,W728GA00,E728D728,728,6,D,FS
5466,W733GA00,E733D733,733,7,D,FS
5466,W734GA00,E734D734,734,5,D,FS
5466,W735GA00,E735D735,735,7,D,FS
5466,W736GA00,E736D736,736,10,D,FS
5466,W737GA00,E737D737,737,4,D,FS
5466,W738GA00,E738D738,738,4,D,FS
5466,Z80AZPR0,E80AD80A,80A,1,D,FS
5466,Z80BZPR0,E80BD80B,80B,0,D,FS
5466,Z80CZPR0,E80CD80C,80C,1,D,FS
5466,Z80DZPR0,E80DD80D,80D,1,D,FS
5466,E90APM00,E90AD90A,90A,0,D,FS
5466,E91APM00,E91AD91A,91A,0,D,FS
5466,P998BP00,E998D998,998,3,D,FS
5466,Z11HZPR0,E11HD11H,11H,0,D,FS
5466,W421ON00,E22AP421,421,0,P,FS
5466,W431ON00,E23AP431,431,0,P,FS
5466,Z101ZBR0,E10AP101,101,4,P,FS
5466,Z102ZBR0,E10AP102,102,2,P,FS
5466,Z110ZBR0,E10AP110,110,5,P,FS
5466,W122GL00,E10CP122,122,3,P,FS
5466,W132GL00,E10CP132,132,3,P,FS
5466,W142GL00,E10CP142,142,1,P,FS
5466,W152GL00,E10CP152,152,1,P,FS
5466,W108GL00,E10FP108,108,2,P,FS
5466,W109GL00,E10FP109,109,0,P,FS
5466,Z182ZBR0,E10HP182,182,1,P,FS
5466,Z192ZBR0,E10HP192,192,-1,P,FS
5466,Z183ZBR0,E10HP183,183,-1,P,FS
5466,Z193ZBR0,E10HP193,193,-1,P,FS
5466,Z11BZBR0,E11AP11B,11B,2,P,FS
5466,Z171ZBR0,E11AP171,171,3,P,FS
5466,Z161ZBR0,E11AP161,161,3,P,FS
5466,Z10AZPR0,E11AP10A,10A,1,P,FS
5466,Z10CZPR0,E11AP10C,10C,1,P,FS
5466,S131A200,E11BP131,131,3,P,FS
5466,S121A200,E11BP121,121,3,P,FS
5466,Z111ZBR0,E11HP111,111,5,P,FS
5466,Z113ZBR0,E11HP113,113,1,P,FS
5466,Z10HZPR0,E11HP10H,10H,0,P,FS
5466,W123GL00,E12DP123,123,4,P,FS
5466,W143GL00,E12DP143,143,1,P,FS
5466,W106GL00,E12EP106,106,3,P,FS
5466,W124GL00,E12EP124,124,2,P,FS
5466,W144GL00,E12EP144,144,2,P,FS
5466,Z125ZBR0,E12EP125,125,2,P,FS
5466,Z145ZBR0,E12EP145,145,2,P,FS
5466,Z133ZBR0,E13DP133,133,7,P,FS
5466,Z153ZBR0,E13DP153,153,-1,P,FS
5466,W134GL00,E13EP134,134,3,P,FS
5466,Z154ZBR0,E13EP154,154,0,P,FS
5466,Z135ZBR0,E13EP135,135,7,P,FS
5466,Z155ZBR0,E13EP155,155,7,P,FS
5466,P209BP00,E20JP209,209,0,P,FS
5466,W729GA00,E20JP729,729,3,P,FS
5466,W739GA00,E20JP739,739,3,P,FS
5466,Z239ZBR0,E20JP239,239,-1,P,FS
5466,Z229ZBR0,E20JP229,229,-1,P,FS
5466,Z639ZBR0,E20JP639,639,0,P,FS
5466,Z629ZBR0,E20JP629,629,0,P,FS
5466,E50JPM00,E20JP50J,50J,0,P,FS
5466,P211BP00,E20KP211,211,0,P,FS
5466,W741GA00,E20KP741,741,5,P,FS
5466,W751GA00,E20KP751,751,5,P,FS
5466,Z251ZBR0,E20KP251,251,-1,P,FS
5466,Z241ZBR0,E20KP241,241,-1,P,FS
5466,W451GA00,E20KP451,451,1,P,FS
5466,W441GA00,E20KP441,441,1,P,FS
5466,Z651ZBR0,E20KP651,651,0,P,FS
5466,Z641ZBR0,E20KP641,641,0,P,FS
5466,Z50KZPR0,E20KP50K,50K,1,P,FS
5466,P212BP00,E20LP212,212,0,P,FS
5466,W742GA00,E20LP742,742,1,P,FS
5466,W752GA00,E20LP752,752,0,P,FS
5466,Z252ZBR0,E20LP252,252,0,P,FS
5466,Z242ZBR0,E20LP242,242,0,P,FS
5466,W452GA00,E20LP452,452,6,P,FS
5466,W442GA00,E20LP442,442,6,P,FS
5466,Z652ZBR0,E20LP652,652,0,P,FS
5466,Z642ZBR0,E20LP642,642,0,P,FS
5466,Z50LZPR0,E20LP50L,50L,1,P,FS
5466,P253BP00,E20MP253,253,0,P,FS
5466,P243BP00,E20MP243,243,0,P,FS
5466,Z293ZBR0,E20MP293,293,0,P,FS
5466,Z283ZBR0,E20MP283,283,0,P,FS
5466,W743GA00,E20MP743,743,1,P,FS
5466,W753GA00,E20MP753,753,1,P,FS
5466,W443GA00,E20MP443,443,3,P,FS
5466,W453GA00,E20MP453,453,3,P,FS
5466,Z643ZBR0,E20MP643,643,0,P,FS
5466,Z653ZBR0,E20MP653,653,0,P,FS
5466,Z50MZPR0,E20MP50M,50M,1,P,FS
5466,P254BP00,E20NP254,254,0,P,FS
5466,P244BP00,E20NP244,244,0,P,FS
5466,Z294ZBR0,E20NP294,294,0,P,FS
5466,Z284ZBR0,E20NP284,284,0,P,FS
5466,W754GA00,E20NP754,754,0,P,FS
5466,W744GA00,E20NP744,744,0,P,FS
5466,Z654ZBR0,E20NP654,654,0,P,FS
5466,Z644ZBR0,E20NP644,644,0,P,FS
5466,Z50NZPR0,E20NP50N,50N,3,P,FS
5466,P221BP00,E22AP221,221,2,P,FS
5466,Z261ZBR0,E22AP261,261,0,P,FS
5466,W721GL00,E22AP721,721,5,P,FS
5466,P222BP00,E22BP222,222,2,P,FS
5466,W722GA00,E22BP722,722,4,P,FS
5466,Z262ZBR0,E22BP262,262,0,P,FS
5466,P231BP00,E23AP231,231,2,P,FS
5466,Z271ZBR0,E23AP271,271,0,P,FS
5466,W731GL00,E23AP731,731,5,P,FS
5466,P232BP00,E23BP232,232,2,P,FS
5466,W732GA00,E23BP732,732,6,P,FS
5466,Z272ZBR0,E23BP272,272,0,P,FS
5466,Z521ZBR0,E50AP521,521,0,P,FS
5466,Z531ZBR0,E50AP531,531,0,P,FS
5466,Z522ZBR0,E50BP522,522,-1,P,FS
5466,Z532ZBR0,E50BP532,532,-1,P,FS
5466,Z523ZBR0,E50CP523,523,5,P,FS
5466,Z533ZBR0,E50CP533,533,5,P,FS
5466,Z524ZBR0,E50DP524,524,2,P,FS
5466,Z534ZBR0,E50DP534,534,1,P,FS
5466,Z525ZBR0,E50EP525,525,5,P,FS
5466,Z535ZBR0,E50EP535,535,4,P,FS
5466,Z526ZBR0,E50FP526,526,2,P,FS
5466,Z536ZBR0,E50FP536,536,2,P,FS
5466,Z527ZBR0,E50GP527,527,-1,P,FS
5466,Z537ZBR0,E50GP537,537,-1,P,FS
5466,Z561ZBR0,E50GP561,561,-1,P,FS
5466,Z571ZBR0,E50GP571,571,-1,P,FS
5466,Z528ZBR0,E50HP528,528,-1,P,FS
5466,Z538ZBR0,E50HP538,538,-1,P,FS
5466,Z529ZBR0,E50JP529,529,-1,P,FS
5466,Z539ZBR0,E50JP539,539,-1,P,FS
5466,Z541ZBR0,E50KP541,541,-1,P,FS
5466,Z551ZBR0,E50KP551,551,-1,P,FS
5466,Z542ZBR0,E50LP542,542,0,P,FS
5466,Z552ZBR0,E50LP552,552,0,P,FS
5466,Z543ZBR0,E50MP543,543,0,P,FS
5466,Z553ZBR0,E50MP553,553,0,P,FS
5466,Z544ZBR0,E50NP544,544,0,P,FS
5466,Z554ZBR0,E50NP554,554,0,P,FS
5466,Z621ZBR0,E62AP621,621,1,P,FS
5466,Z661ZBR0,E62AP661,661,1,P,FS
5466,P223BP00,E62CP223,223,3,P,FS
5466,Z263ZBR0,E62CP263,263,1,P,FS
5466,Z623ZBR0,E62CP623,623,5,P,FS
5466,W423GA00,E62CP423,423,7,P,FS
5466,Z224ZBR0,E62DP224,224,7,P,FS
5466,Z624ZBR0,E62DP624,624,5,P,FS
5466,W424GA00,E62DP424,424,6,P,FS
5466,Z225ZBR0,E62EP225,225,1,P,FS
5466,Z625ZBR0,E62EP625,625,3,P,FS
5466,Z226ZBR0,E62FP226,226,4,P,FS
5466,Z626ZBR0,E62FP626,626,2,P,FS
5466,W426GA00,E62FP426,426,3,P,FS
5466,Z227ZBR0,E62GP227,227,7,P,FS
5466,Z627ZBR0,E62GP627,627,7,P,FS
5466,W427GA00,E62GP427,427,8,P,FS
5466,Z228ZBR0,E62HP228,228,0,P,FS
5466,Z628ZBR0,E62HP628,628,0,P,FS
5466,W428GA00,E62HP428,428,7,P,FS
5466,Z631ZBR0,E63AP631,631,1,P,FS
5466,Z671ZBR0,E63AP671,671,2,P,FS
5466,P233BP00,E63CP233,233,4,P,FS
5466,Z273ZBR0,E63CP273,273,1,P,FS
5466,Z633ZBR0,E63CP633,633,5,P,FS
5466,W433GA00,E63CP433,433,7,P,FS
5466,Z234ZBR0,E63DP234,234,5,P,FS
5466,Z634ZBR0,E63DP634,634,5,P,FS
5466,W434GA00,E63DP434,434,6,P,FS
5466,Z235ZBR0,E63EP235,235,2,P,FS
5466,Z635ZBR0,E63EP635,635,3,P,FS
5466,Z236ZBR0,E63FP236,236,2,P,FS
5466,Z636ZBR0,E63FP636,636,2,P,FS
5466,W436GA00,E63FP436,436,3,P,FS
5466,Z237ZBR0,E63GP237,237,7,P,FS
5466,Z637ZBR0,E63GP637,637,8,P,FS
5466,W437GA00,E63GP437,437,9,P,FS
5466,Z238ZBR0,E63HP238,238,0,P,FS
5466,Z638ZBR0,E63HP638,638,1,P,FS
5466,W438GA00,E63HP438,438,7,P,FS
5466,P801BP00,E80AP801,801,-1,P,FS
5466,Z822ZBR0,E80AP822,822,-1,P,FS
5466,Z832ZBR0,E80AP832,832,-1,P,FS
5466,Z802ZBR0,E80AP802,802,-1,P,FS
5466,Z823ZBR0,E80BP823,823,-1,P,FS
5466,Z833ZBR0,E80BP833,833,-1,P,FS
5466,P803BP00,E80BP803,803,0,P,FS
5466,Z824ZBR0,E80CP824,824,0,P,FS
5466,Z834ZBR0,E80CP834,834,0,P,FS
5466,Z825ZBR0,E80CP825,825,0,P,FS
5466,Z835ZBR0,E80CP835,835,0,P,FS
5466,P804BP00,E80CP804,804,0,P,FS
5466,Z826ZBR0,E80DP826,826,0,P,FS
5466,Z836ZBR0,E80DP836,836,0,P,FS
5466,Z805ZBR0,E80DP805,805,4,P,FS
5466,P811BP00,E80DP811,811,7,P,FS
5466,P812BP00,E80DP812,812,14,P,FS
5466,P8X1BP00,E80DP8X1,8X1,8,P,FS
5466,P921BP00,E90AP921,921,2,P,FS
5466,P931BP00,E90AP931,931,2,P,FS
5466,P922BP00,E90AP922,922,2,P,FS
5466,P932BP00,E90AP932,932,2,P,FS
5466,P923BP00,E90AP923,923,2,P,FS
5466,P933BP00,E90AP933,933,2,P,FS
5466,P904BP00,E90AP904,904,2,P,FS
5466,P905BP00,E90AP905,905,2,P,FS
5466,P981BP00,E90AP981,981,4,P,FS
5466,P991BP00,E90AP991,991,4,P,FS
5466,P906BP00,E90AP906,906,2,P,FS
5466,P9X1BP00,E90AP9X1,9X1,7,P,FS
5466,P941BP00,E91AP941,941,3,P,FS
5466,P951BP00,E91AP951,951,3,P,FS
5466,P942BP00,E91AP942,942,3,P,FS
5466,P952BP00,E91AP952,952,3,P,FS
5466,P913BP00,E91AP913,913,3,P,FS
5466,P914BP00,E91AP914,914,3,P,FS
5466,P910BP00,E91AP910,910,0,P,FS
5466,E10AP101,E10AP102,10A,3,P,FS
5466,E10AP102,E10AP110,10A,1,P,FS
5466,E10CP122,E10CP132,10C,0,P,FS
5466,E10CP132,E10CP142,10C,1,P,FS
5466,E10CP142,E10CP152,10C,0,P,FS
5466,E10FP108,E10FP109,10F,3,P,FS
5466,E10HP182,E10HP192,10H,0,P,FS
5466,E10HP192,E10HP183,10H,13,P,FS
5466,E10HP183,E10HP193,10H,0,P,FS
5466,E11AP11B,E11AP171,11A,5,P,FS
5466,E11AP171,E11AP161,11A,0,P,FS
5466,E11AP161,E11AP10A,11A,2,P,FS
5466,E11AP10A,E11AP10C,11A,13,P,FS
5466,E11BP131,E11BP121,11B,0,P,FS
5466,E11HP111,E11HP113,11H,0,P,FS
5466,E11HP113,E11HP10H,11H,7,P,FS
5466,E12DP123,E12DP143,12D,0,P,FS
5466,E12EP106,E12EP124,12E,2,P,FS
5466,E12EP124,E12EP144,12E,0,P,FS
5466,E12EP144,E12EP125,12E,3,P,FS
5466,E12EP125,E12EP145,12E,0,P,FS
5466,E13DP133,E13DP153,13D,6,P,FS
5466,E13EP134,E13EP154,13E,7,P,FS
5466,E13EP154,E13EP135,13E,2,P,FS
5466,E13EP135,E13EP155,13E,0,P,FS
5466,E20JP209,E20JP729,20J,1,P,FS
5466,E20JP729,E20JP739,20J,0,P,FS
5466,E20JP739,E20JP239,20J,2,P,FS
5466,E20JP239,E20JP229,20J,0,P,FS
5466,E20JP229,E20JP639,20J,9,P,FS
5466,E20JP639,E20JP629,20J,0,P,FS
5466,E20JP629,E20JP50J,20J,4,P,FS
5466,E20KP211,E20KP741,20K,1,P,FS
5466,E20KP741,E20KP751,20K,0,P,FS
5466,E20KP751,E20KP251,20K,6,P,FS
5466,E20KP251,E20KP241,20K,0,P,FS
5466,E20KP241,E20KP451,20K,2,P,FS
5466,E20KP451,E20KP441,20K,0,P,FS
5466,E20KP441,E20KP651,20K,3,P,FS
5466,E20KP651,E20KP641,20K,0,P,FS
5466,E20KP641,E20KP50K,20K,3,P,FS
5466,E20LP212,E20LP742,20L,1,P,FS
5466,E20LP742,E20LP752,20L,0,P,FS
5466,E20LP752,E20LP252,20L,2,P,FS
5466,E20LP252,E20LP242,20L,0,P,FS
5466,E20LP242,E20LP452,20L,3,P,FS
5466,E20LP452,E20LP442,20L,0,P,FS
5466,E20LP442,E20LP652,20L,3,P,FS
5466,E20LP652,E20LP642,20L,0,P,FS
5466,E20LP642,E20LP50L,20L,4,P,FS
5466,E20MP253,E20MP243,20M,0,P,FS
5466,E20MP243,E20MP293,20M,2,P,FS
5466,E20MP293,E20MP283,20M,0,P,FS
5466,E20MP283,E20MP743,20M,3,P,FS
5466,E20MP743,E20MP753,20M,0,P,FS
5466,E20MP753,E20MP443,20M,2,P,FS
5466,E20MP443,E20MP453,20M,0,P,FS
5466,E20MP453,E20MP643,20M,5,P,FS
5466,E20MP643,E20MP653,20M,0,P,FS
5466,E20MP653,E20MP50M,20M,2,P,FS
5466,E20NP254,E20NP244,20N,0,P,FS
5466,E20NP244,E20NP294,20N,6,P,FS
5466,E20NP294,E20NP284,20N,0,P,FS
5466,E20NP284,E20NP754,20N,2,P,FS
5466,E20NP754,E20NP744,20N,0,P,FS
5466,E20NP744,E20NP654,20N,6,P,FS
5466,E20NP654,E20NP644,20N,0,P,FS
5466,E20NP644,E20NP50N,20N,5,P,FS
5466,E22AP221,E22AP261,22A,0,P,FS
5466,E22AP261,E22AP721,22A,4,P,FS
5466,E22BP222,E22BP722,22B,3,P,FS
5466,E22BP722,E22BP262,22B,1,P,FS
5466,E23AP231,E23AP271,23A,0,P,FS
5466,E23AP271,E23AP731,23A,4,P,FS
5466,E23BP232,E23BP732,23B,3,P,FS
5466,E23BP732,E23BP272,23B,1,P,FS
5466,E50AP521,E50AP531,50A,0,P,FS
5466,E50BP522,E50BP532,50B,0,P,FS
5466,E50CP523,E50CP533,50C,0,P,FS
5466,E50DP524,E50DP534,50D,0,P,FS
5466,E50EP525,E50EP535,50E,0,P,FS
5466,E50FP526,E50FP536,50F,0,P,FS
5466,E50GP527,E50GP537,50G,0,P,FS
5466,E50GP537,E50GP561,50G,3,P,FS
5466,E50GP561,E50GP571,50G,0,P,FS
5466,E50HP528,E50HP538,50H,0,P,FS
5466,E50JP529,E50JP539,50J,0,P,FS
5466,E50KP541,E50KP551,50K,0,P,FS
5466,E50LP542,E50LP552,50L,0,P,FS
5466,E50MP543,E50MP553,50M,0,P,FS
5466,E50NP544,E50NP554,50N,0,P,FS
5466,E62AP621,E62AP661,62A,2,P,FS
5466,E62CP223,E62CP263,62C,0,P,FS
5466,E62CP263,E62CP623,62C,7,P,FS
5466,E62CP623,E62CP423,62C,0,P,FS
5466,E62DP224,E62DP624,62D,2,P,FS
5466,E62DP624,E62DP424,62D,0,P,FS
5466,E62EP225,E62EP625,62E,6,P,FS
5466,E62FP226,E62FP626,62F,4,P,FS
5466,E62FP626,E62FP426,62F,0,P,FS
5466,E62GP227,E62GP627,62G,3,P,FS
5466,E62GP627,E62GP427,62G,1,P,FS
5466,E62HP228,E62HP628,62H,1,P,FS
5466,E62HP628,E62HP428,62H,1,P,FS
5466,E63AP631,E63AP671,63A,3,P,FS
5466,E63CP233,E63CP273,63C,0,P,FS
5466,E63CP273,E63CP633,63C,7,P,FS
5466,E63CP633,E63CP433,63C,0,P,FS
5466,E63DP234,E63DP634,63D,2,P,FS
5466,E63DP634,E63DP434,63D,0,P,FS
5466,E63EP235,E63EP635,63E,5,P,FS
5466,E63FP236,E63FP636,63F,4,P,FS
5466,E63FP636,E63FP436,63F,0,P,FS
5466,E63GP237,E63GP637,63G,4,P,FS
5466,E63GP637,E63GP437,63G,1,P,FS
5466,E63HP238,E63HP638,63H,1,P,FS
5466,E63HP638,E63HP438,63H,1,P,FS
5466,E80AP801,E80AP822,80A,1,P,FS
5466,E80AP822,E80AP832,80A,0,P,FS
5466,E80AP832,E80AP802,80A,1,P,FS
5466,E80BP823,E80BP833,80B,0,P,FS
5466,E80BP833,E80BP803,80B,3,P,FS
5466,E80CP824,E80CP834,80C,0,P,FS
5466,E80CP834,E80CP825,80C,1,P,FS
5466,E80CP825,E80CP835,80C,0,P,FS
5466,E80CP835,E80CP804,80C,1,P,FS
5466,E80DP826,E80DP836,80D,0,P,FS
5466,E80DP836,E80DP805,80D,1,P,FS
5466,E80DP805,E80DP811,80D,3,P,FS
5466,E80DP811,E80DP812,80D,0,P,FS
5466,E80DP812,E80DP8X1,80D,0,P,FS
5466,E90AP921,E90AP931,90A,0,P,FS
5466,E90AP931,E90AP922,90A,3,P,FS
5466,E90AP922,E90AP932,90A,0,P,FS
5466,E90AP932,E90AP923,90A,5,P,FS
5466,E90AP923,E90AP933,90A,0,P,FS
5466,E90AP933,E90AP904,90A,6,P,FS
5466,E90AP904,E90AP905,90A,3,P,FS
5466,E90AP905,E90AP981,90A,5,P,FS
5466,E90AP981,E90AP991,90A,0,P,FS
5466,E90AP991,E90AP906,90A,3,P,FS
5466,E90AP906,E90AP9X1,90A,0,P,FS
5466,E91AP941,E91AP951,91A,0,P,FS
5466,E91AP951,E91AP942,91A,4,P,FS
5466,E91AP942,E91AP952,91A,0,P,FS
5466,E91AP952,E91AP913,91A,5,P,FS
5466,E91AP913,E91AP914,91A,5,P,FS
5466,E91AP914,E91AP910,91A,203,P,FS
5466,E104D104,M/E,M/E,2,D,FS
5466,E50FD50F,E50GD50G,50G,5,D,FS
5466,E50GD50G,E50HD50H,50H,4,D,FS
5466,E20JD20J,E20KD20K,20K,0,D,FS
5466,E20KD20K,E20LD20L,20L,1,D,FS
5466,E20LD20L,E20MD20M,20M,0,D,FS
5466,E20MD20M,E20ND20N,20N,1,D,FS
5466,E50HD50H,E20JD20J,20J,18,D,FS
5466,E206D206,E207D207,207,3,D,FS
5466,E207D207,E727D727,727,11,D,FS
5466,E208D208,E20JD20J,20J,44,D,FS
5466,E208D208,E728D728,728,44,D,FS
5466,E207D207,E208D208,208,11,D,FS
5466,E11AD11A,E104D104,104,2,D,FS
5466,E11AD11A,E22AD22A,22A,2,D,FS
5466,E50CD50C,E50DD50D,50D,10,D,FS
5466,E203D203,E204D204,204,0,D,FS
5466,E204D204,E724D724,724,4,D,FS
5466,E80AD80A,E80BD80B,80B,2,D,FS
5466,E80BD80B,E80CD80C,80C,2,D,FS
5466,E80CD80C,E80DD80D,80D,2,D,FS
5466,E80DD80D,L/C,L/C,25,D,FS
5466,E91AD91A,L/C,L/C,41,D,FS
5466,E998D998,L/C,L/C,33,D,FS
5466,E204D204,E205D205,205,4,D,FS
5466,E205D205,E206D206,206,0,D,FS
5466,E206D206,E726D726,726,3,D,FS
5466,E205D205,E725D725,725,0,D,FS
5466,E50DD50D,E50ED50E,50E,3,D,FS
5466,E50ED50E,E50FD50F,50F,2,D,FS
5466,E107D107,E10FD10F,10F,1,D,FS
5466,F/S,E998D998,998,1,D,FS
5466,M/E,E12DD12D,12D,16,D,FS
5466,E105D105,E12ED12E,12E,2,D,FS
5466,E10FD10F,E90AD90A,90A,4,D,FS
5466,E20ND20N,E80AD80A,80A,0,D,FS
5466,E203D203,E723D723,723,0,D,FS
5466,E50AD50A,E50BD50B,50B,6,D,FS
5466,E50CD50C,E50BD50B,50B,19,D,FS
5466,E11HD11H,E107D107,107,0,D,FS
5466,E11HD11H,F/S,F/S,26,D,FS
5466,E11HD11H,E91AD91A,91A,0,D,FS
5466,K/L,E11AD11A,11A,4,D,FS
5466,E12DD12D,E13DD13D,13D,0,D,FS
5466,E12ED12E,E13ED13E,13E,0,D,FS
5466,E22AD22A,E23AD23A,23A,0,D,FS
5466,E22BD22B,E23BD23B,23B,0,D,FS
5466,E622D622,E632D632,632,0,D,FS
5466,E62AD62A,E63AD63A,63A,0,D,FS
5466,E62CD62C,E63CD63C,63C,0,D,FS
5466,E62DD62D,E63DD63D,63D,0,D,FS
5466,E62ED62E,E63ED63E,63E,0,D,FS
5466,E62FD62F,E63FD63F,63F,0,D,FS
5466,E63GD63G,E50GD50G,50G,6,D,FS
5466,E63HD63H,E50HD50H,50H,7,D,FS
5466,E63FD63F,E62GD62G,62G,0,D,FS
5466,E63GD63G,E62HD62H,62H,0,D,FS
5466,E737D737,E62GD62G,62G,0,D,FS
5466,E738D738,E62HD62H,62H,0,D,FS
5466,E63DD63D,E50DD50D,50D,13,D,FS
5466,E734D734,E62DD62D,62D,0,D,FS
5466,E632D632,E50BD50B,50B,20,D,FS
5466,E632D632,E62AD62A,62A,0,D,FS
5466,E735D735,E62ED62E,62E,0,D,FS
5466,E736D736,E62FD62F,62F,0,D,FS
5466,E63ED63E,E50ED50E,50E,6,D,FS
5466,E63FD63F,E50FD50F,50F,6,D,FS
5466,E63DD63D,E62ED62E,62E,0,D,FS
5466,E63ED63E,E62FD62F,62F,0,D,FS
5466,E63CD63C,E62DD62D,62D,0,D,FS
5466,E13DD13D,E105D105,105,2,D,FS
5466,E63AD63A,E12DD12D,12D,0,D,FS
5466,E63AD63A,E50AD50A,50A,6,D,FS
5466,E63CD63C,E50CD50C,50C,4,D,FS
5466,E63CD63C,E622D622,622,0,D,FS
5466,E23BD23B,E622D622,622,0,D,FS
5466,E733D733,E62CD62C,62C,0,D,FS
5466,E13ED13E,E50AD50A,50A,6,D,FS
5466,E13ED13E,E107D107,107,2,D,FS
5466,E23AD23A,E22BD22B,22B,0,D,FS
5466,E23AD23A,E62AD62A,62A,0,D,FS
5466,E13ED13E,E11HD11H,11H,2,D,FS
5466,E23BD23B,E203D203,203,2,D,FS
5466,E62GD62G,E63GD63G,63G,0,D,FS
5466,E62HD62H,E63HD63H,63H,0,D,FS
5466,E723D723,E733D733,733,0,D,FS
5466,E724D724,E734D734,734,0,D,FS
5466,E725D725,E735D735,735,0,D,FS
5466,E726D726,E736D736,736,0,D,FS
5466,E727D727,E737D737,737,0,D,FS
5466,E728D728,E738D738,738,0,D,FS
